Date Executed,Period Date For Workload,Period Type,Client,DB,System ID,OS,SAP Release,Hostname,,,,,,,,,,,
20230424,20230301,M,804,HDB,S4H,Linux,754,vhcals4hci,,,,,,,,,,,
,,,,,40,10,10,10,30,,,,,,,,,,
Transaction,Users,Dialogs,Execution Time,Development Objects,User Rating - Scale = 100,Dialog Rating - Scale = 100,Time Rating - Scale = 100,Object Rating - Scale = 100,Intensity Rating - Scale 100,Final Rating - Scale = 100,Type Of Activity,Activity,Module,Department,Role,Business Area,,,
ME22N,6,16240,3099997,194,0.255,0.251,0.141,0.004,2.90355,3.55455,T,Change Purchase Order,MM,Purchasing,Application Components->Materials Management->Purchasing->ME22N(Change Purchase Order),SAP->MM->MM-PUR->ME22N(Change Purchase O,,,
SMEN,13,2932,18678,37909679,0.551,1.212,0.002,0.364,0.7908,2.9198,W,Session Manager Menu Tree Display,BC,Basis Components,Application Components->Basis Components->Security->User Administration->SMEN(Session Manager Menu Tree Display),BC-SEC-USR,,,
DWDM,5,23400,3064742,49,0.212,0.362,0.14,0.001,2.16465,2.87965,T,Development Workbench Demos,BC,SAP Internet Transaction Server,Application Components->Basis Components->Frontend Services - Use subcomponents (see SAP Note 1322184)->SAP Internet Transaction Server->DWDM(Development Workbench Demos),SAP->BC->BC-FES->BC-FES-ITS->DWDM(Develo,,,
SE16N,12,115132,8455672,4,0.509,1.781,0.385,0,0,2.675,T,General Table Display,CO,Controlling,Application Components->Controlling->SE16N(General Table Display),SAP->CO->SE16N(General Table Display),,,
VA01,12,4730,610508,12932,0.509,0.073,0.028,0.288,1.1028,2.0008,T,Create Sales Orders,SD,Sales,Application Components->Sales and Distribution->Sales->VA01(Create Sales Orders),SAP->SD->SD-SLS->VA01(Create Sales Order,,,
BIBS,6,32632,12333637,102,0.255,0.505,0.562,0.002,0,1.324,T,Examples of User Interface Design,BC,SAP Internet Transaction Server,Application Components->Basis Components->Frontend Services - Use subcomponents (see SAP Note 1322184)->SAP Internet Transaction Server->BIBS(Examples of User Interface Design),SAP->BC->BC-FES->BC-FES-ITS->BIBS(Exampl,,,
Z_UIPATH_CUST_HEATMAP_DOWNLOAD,3,850,23662240,184,0.127,0.013,1.078,0.004,0,1.222,R,UiPath Heatmap Download,CA,Cross-Application Components,Application Components->Cross-Application Components->Z_UIPATH_CUST_HEATMAP_DOWNLOAD(UiPath Heatmap Download),SAP->CA->Z_UIPATH_CUST_HEATMAP_DOWNLOAD(,,,
FSE3,4,20251,373811,36,0.17,0.313,0.017,0.001,0.64995,1.15095,T,Display Financial Statement Version,FI,General Ledger Accounting,Application Components->Financial Accounting->General Ledger Accounting->FSE3(Display Financial Statement Version),SAP->FI->FI-GL->FSE3(Display Financial S,,,
VA01,5,906,564,25523113,0.212,0.375,0,0.245,0.2136,1.0456,W,Create Sales Orders,SD,Sales and Distribution,Application Components->Sales and Distribution->Sales->VA01(Create Sales Orders),SD-SLS,,,
fin.gl.documentdisplay,1,1009,3528,11498184,0.042,0.417,0,0.11,0.3795,0.9485,F,Display and Reverse G/L Document,FI,Financial Accounting,Application Components->Financial Accounting->Fiori UI for Financial Accounting->Fiori UI for General Ledger Accounting->fin.gl.documentdisplay(Display and Reverse G/L Document),FI-FIO-GL,,,
cus.sd.salesorders.manage,2,217,6724,7745497,0.085,0.09,0.001,0.074,0.68625,0.93625,F,cus.sd.salesorders.manage,SD,Sales and Distribution,Application Components->Sales and Distribution->Sales->cus.sd.salesorders.manage(cus.sd.salesorders.manage),SD-SLS,,,
FB60,2,829,526,34347188,0.085,0.343,0,0.33,0.174,0.932,W,Enter Incoming Invoices,FI,Financial Accounting,Application Components->Financial Accounting->FB60(Enter Incoming Invoices),FI,,,
VA02,4,1559,162932,12932,0.17,0.024,0.007,0.288,0.3915,0.8805,T,Change Sales Orders,SD,Sales,Application Components->Sales and Distribution->Sales->VA02(Change Sales Orders),SAP->SD->SD-SLS->VA02(Change Sales Order,,,
SESS,20,121,135,127,0.848,0.002,0,0.003,0,0.853,T,Session Manager Menu Tree Display,BC,Session Manager,Application Components->Basis Components->ABAP Workbench  Java IDE and Infrastructure->Session Manager->SESS(Session Manager Menu Tree Display),SAP->BC->BC-DWB->BC-DWB-SEM->SESS(Sessio,,,
RSWAITSEC,1,4130,15800209,184,0.042,0.064,0.72,0.004,0,0.83,R,RSWAITSEC,BC,Client/Server Technology,Application Components->Basis Components->Client/Server Technology->RSWAITSEC(RSWAITSEC),SAP->BC->BC-CST->RSWAITSEC(RSWAITSEC),,,
TPDA_START,3,6029,13071258,136,0.127,0.093,0.596,0.003,0.00495,0.82395,T,Start Master of TPDA Debugger,BC,ABAP Syntax  Compiler  Runtime,Application Components->Basis Components->ABAP Runtime Environment - ABAP Language Issues Only->ABAP Syntax  Compiler  Runtime->TPDA_START(Start Master of TPDA Debugger),SAP->BC->BC-ABA->BC-ABA-LA->TPDA_START(S,,,
SE37,8,3020,4571558,22,0.339,0.047,0.208,0,0.22965,0.82365,T,ABAP Function Modules,BC,Function Builder,Application Components->Basis Components->ABAP Workbench  Java IDE and Infrastructure->Workbench Tools: Editors  Painters  Modelers->Function Builder->SE37(ABAP Function Modules),SAP->BC->BC-DWB->BC-DWB-TOO->BC-DWB-TOO-,,,
BIBS,7,646,3631,9964581,0.297,0.267,0,0.096,0.1356,0.7956,W,Examples of User Interface Design,BC,Basis Components,Application Components->Basis Components->Frontend Services - Use subcomponents (see SAP Note 1322184)->SAP Internet Transaction Server->BIBS(Examples of User Interface Design),BC-FES-ITS,,,
fin.central.user.defaultparameter,6,7,4294974,255215,0.255,0.003,0.499,0.002,0.01695,0.77595,F,Fiori App - FIN User Default Parameter P,FI,Financial Accounting,Application Components->Financial Accounting->Fiori UI for Financial Accounting->Fiori UI for General Ledger Accounting->fin.central.user.defaultparameter(Fiori App - FIN User Default Parameter P),FI-FIO-GL,,,
ME21N,12,1515,764263,194,0.509,0.023,0.035,0.004,0.20085,0.77185,T,Create Purchase Order,MM,Purchasing,Application Components->Materials Management->Purchasing->ME21N(Create Purchase Order),SAP->MM->MM-PUR->ME21N(Create Purchase O,,,
VA05,2,5104,702168,51,0.085,0.079,0.032,0.001,0.5682,0.7652,T,List of Sales Orders,SD,Basic Functions,Application Components->Sales and Distribution->Sales->Basic Functions->VA05(List of Sales Orders),SAP->SD->SD-SLS->SD-SLS-GF->VA05(List of,,,
SE38,9,12580,2529618,23,0.382,0.195,0.115,0.001,0.0693,0.7623,T,ABAP Editor,BC,ABAP Editor,Application Components->Basis Components->ABAP Workbench  Java IDE and Infrastructure->Workbench Tools: Editors  Painters  Modelers->ABAP Editor->SE38(ABAP Editor),SAP->BC->BC-DWB->BC-DWB-TOO->BC-DWB-TOO-,,,
s2p.mm.im.goodsreceipt.purchaseorder,2,219,1957,8510445,0.085,0.091,0,0.082,0.49845,0.75645,F,Goods receipt for purchase order,MM,Materials Management,Application Components->Materials Management->Materials Management->Materials Management->Materials Management->s2p.mm.im.goodsreceipt.purchaseorder(Goods receipt for purchase order),MM-FIO-IM-SGM,,,
FBL3N,4,7953,1442331,69,0.17,0.123,0.066,0.002,0.33525,0.69625,T,G/L Account Line Items,FI,Information System,Application Components->Financial Accounting->General Ledger Accounting->Information System->FBL3N(G/L Account Line Items),SAP->FI->FI-GL->FI-GL-IS->FBL3N(G/L Acco,,,
FB60,10,596,122296,1721,0.424,0.009,0.006,0.038,0.15975,0.63675,T,Enter Incoming Invoices,FI,Financial Accounting,Application Components->Financial Accounting->FB60(Enter Incoming Invoices),SAP->FI->FB60(Enter Incoming Invoices),,,
V-01,8,42,43,12932,0.339,0.001,0,0.288,0,0.628,T,Create Sales Orders,SD,Sales,Application Components->Sales and Distribution->Sales->V-01(Create Sales Orders),SAP->SD->SD-SLS->V-01(Create Sales Order,,,
VA03,5,404,118498,12932,0.212,0.006,0.005,0.288,0.06045,0.57145,T,Display Sales Orders,SD,Sales,Application Components->Sales and Distribution->Sales->VA03(Display Sales Orders),SAP->SD->SD-SLS->VA03(Display Sales Orde,,,
sap.ovp.cards.charts.analytical,1,8,4294999,153943,0.042,0.003,0.499,0.001,0.0204,0.5654,F,FIORI LANDING PAGE,FIO,UI5,Application Components->Fiori UI for General Ledger Accounting->sap.ovp.cards.charts.analytical(FIORI LANDING PAGE),FIO,,,
fin.gl.glaccount.ovp,1,48,584,16554024,0.042,0.02,0,0.159,0.34275,0.56375,F,General Ledger Accountant Overview page,FI,Financial Accounting,Application Components->Financial Accounting->Fiori UI for Financial Accounting->Fiori UI for General Ledger Accounting->fin.gl.glaccount.ovp(General Ledger Accountant Overview page),FI-FIO-GL,,,
SBWP,5,1793,458861,5,0.212,0.028,0.021,0,0.27945,0.54045,T,SAP Business Workplace,BC,Communication Services: Mail  Fax  SMS,Application Components->Basis Components->Basis Services / Communication Interfaces->Communication Services: Mail  Fax  SMS ->SBWP(SAP Business Workplace),SAP->BC->BC-SRV->BC-SRV-COM->SBWP(SAP Bu,,,
SE16,8,1796,329933,60,0.339,0.028,0.015,0.001,0.1353,0.5183,T,Data Browser,BC,Workbench Utilities,Application Components->Basis Components->ABAP Workbench  Java IDE and Infrastructure->Workbench Utilities->SE16(Data Browser),SAP->BC->BC-DWB->BC-DWB-UTL->SE16(Data B,,,
ui.s2p.mm.purorder.ops1,2,55,2640,4491683,0.085,0.023,0,0.043,0.31065,0.46165,F,Purchase Order Object Page,MM,Materials Management,Application Components->Materials Management->Purchasing->Purchase Orders->ui.s2p.mm.purorder.ops1(Purchase Order Object Page),MM-PUR-PO,,,
VA21,2,36,11434,12932,0.085,0.001,0.001,0.288,0.0744,0.4494,T,Create Sales Quotations,SD,Sales,Application Components->Sales and Distribution->Sales->VA21(Create Sales Quotations),SAP->SD->SD-SLS->VA21(Create Sales Quota,,,
SE80,6,3914,859515,4,0.255,0.061,0.039,0,0.0693,0.4243,T,Object Navigator,BC,Repository Browser,Application Components->Basis Components->ABAP Workbench  Java IDE and Infrastructure->Workbench Utilities->Repository Browser->SE80(Object Navigator),SAP->BC->BC-DWB->BC-DWB-UTL->BC-DWB-UTL-,,,
VA11,1,12,3964,12932,0.042,0,0,0.288,0.0693,0.3993,T,Create Sales Inquiries,SD,Sales,Application Components->Sales and Distribution->Sales->VA11(Create Sales Inquiries),SAP->SD->SD-SLS->VA11(Create Sales Inqui,,,
VA51,1,1,418,12932,0.042,0,0,0.288,0.0693,0.3993,T,Create Item Proposal,SD,Sales,Application Components->Sales and Distribution->Sales->VA51(Create Item Proposal),SAP->SD->SD-SLS->VA51(Create Item Propos,,,
VA31,1,1,413,12932,0.042,0,0,0.288,0.0693,0.3993,T,Create Sales Scheduling Agreements,SD,Sales,Application Components->Sales and Distribution->Sales->VA31(Create Sales Scheduling Agreements),SAP->SD->SD-SLS->VA31(Create Sales Sched,,,
ME23,3,272,152261,9567,0.127,0.004,0.007,0.213,0.04485,0.39585,T,Display Purchase Order,MM,Purchasing,Application Components->Materials Management->Purchasing->ME23(Display Purchase Order),SAP->MM->MM-PUR->ME23(Display Purchase O,,,
ssuite.smartbusiness.tiles.dual,4,70,123,4363148,0.17,0.029,0,0.042,0.14115,0.38215,F,FIORI LANDING PAGE,FIO,UI5,Application Components->General Application Functions->ssuite.smartbusiness.tiles.dual(FIORI LANDING PAGE),FIO,,,
ME21N,4,232,1895,4982745,0.17,0.096,0,0.048,0.06585,0.37985,W,Create Purchase Order,MM,Materials Management,Application Components->Materials Management->Purchasing->ME21N(Create Purchase Order),MM-PUR,,,
BP,4,207,64817,368,0.17,0.003,0.003,0.008,0.1863,0.3703,T,Maintain Business Partner,AP,Dialog SAP-GUI,Application Components->Application Platform->Master Data->SAP Business Partner->Dialog SAP-GUI->BP(Maintain Business Partner),SAP->AP->AP-MD->AP-MD-BP->AP-MD-BP-UI->B,,,
ZJUNK999,1,1189,6094374,184,0.042,0.018,0.278,0.004,0,0.342,R,Test LRAW,CA,Cross-Application Components,Application Components->Cross-Application Components->ZJUNK999(Test LRAW),SAP->CA->ZJUNK999(Test LRAW),,,
VA23,1,5,3294,12932,0.042,0,0,0.288,0.00495,0.33495,T,Display Quotations,SD,Sales,Application Components->Sales and Distribution->Sales->VA23(Display Quotations),SAP->SD->SD-SLS->VA23(Display Quotations,,,
SE93,1,2832,79874,128,0.042,0.044,0.004,0.003,0.23385,0.32685,T,Maintain Transaction Codes,BC,Workbench Tools: Editors  Painters  Mode,Application Components->Basis Components->ABAP Workbench  Java IDE and Infrastructure->Workbench Tools: Editors  Painters  Mode->SE93(Maintain Transaction Codes),SAP->BC->BC-DWB->BC-DWB-TOO->SE93(Mainta,,,
MIGO,5,186,86771,1179,0.212,0.003,0.004,0.026,0.0798,0.3248,T,Goods Movement,MM,Inventory Management,Application Components->Materials Management->Inventory Management->MIGO(Goods Movement),SAP->MM->MM-IM->MIGO(Goods Movement),,,
ME23N,5,641,196264,194,0.212,0.01,0.009,0.004,0.08595,0.32095,T,Display Purchase Order,MM,Purchasing,Application Components->Materials Management->Purchasing->ME23N(Display Purchase Order),SAP->MM->MM-PUR->ME23N(Display Purchase,,,
VL01N,4,117,39856,1632,0.17,0.002,0.002,0.036,0.11025,0.32025,T,Create Outbound Dlv. with Order Ref.,LE,Shipping,Application Components->Logistics Execution->Shipping->VL01N(Create Outbound Dlv. with Order Ref.),SAP->LE->LE-SHP->VL01N(Create Outbound D,,,
MM01,5,342,61257,4,0.212,0.005,0.003,0,0.0945,0.3145,T,Create Material &,LO,Material Master,Application Components->Logistics - General->Logistics Basic Data->Material Master->MM01(Create Material &),SAP->LO->LO-MD->LO-MD-MM->MM01(Create Ma,,,
MEM1,2,5,5,9567,0.085,0,0,0.213,0,0.298,T,Replacement for Purchase Order Item,IS,Manufacturer Part Number,Application Components->Aerospace & Defence Industry Solution->Manufacturer Part Number->MEM1(Replacement for Purchase Order Item),SAP->IS-AD->IS-AD-MPN->MEM1(Replacement,,,
SU01,5,112,46688,4,0.212,0.002,0.002,0,0.07935,0.29535,T,User Maintenance,BC,User and Authorization Management,Application Components->Basis Components->Security->User Administration->User and Authorization Management->SU01(User Maintenance),SAP->BC->BC-SEC->BC-SEC-USR->BC-SEC-USR-,,,
ssuite.smartbusiness.tiles.blank,5,16,4,3797763,0.212,0.007,0,0.036,0.03195,0.28695,F,FIORI LANDING PAGE,FIO,UI5,Application Components->Sales->ssuite.smartbusiness.tiles.blank(FIORI LANDING PAGE),FIO,,,
ME21,1,3,4504,9567,0.042,0,0,0.213,0.02475,0.27975,T,Create Purchase Order,MM,Purchasing,Application Components->Materials Management->Purchasing->ME21(Create Purchase Order),SAP->MM->MM-PUR->ME21(Create Purchase Or,,,
ZUIPATH_PROCESS_MININGPERFDATA,1,886,4624372,184,0.042,0.014,0.211,0.004,0,0.271,R,Display Single Record Statistics (Kernel,CA,Cross-Application Components,Application Components->Cross-Application Components->ZUIPATH_PROCESS_MININGPERFDATA(Display Single Record Statistics (Kernel Release 7.0)),SAP->CA->ZUIPATH_PROCESS_MININGPERFDATA(,,,
cus.sd.ovp.isr,2,4,1072,2890958,0.085,0.002,0,0.028,0.1509,0.2659,F,Sales Overview Page for Internal Sales R,SD,Sales and Distribution,Application Components->Sales and Distribution->Sales->cus.sd.ovp.isr(Sales Overview Page for Internal Sales R),SD-SLS,,,
MAINMENU,6,22,5427,184,0.255,0,0,0.004,0,0.259,R,Include MAINMENU,LE,Mobile data entry,Application Components->Logistics Execution->Mobile data entry->MAINMENU(Include MAINMENU),SAP->LE->LE-MOB->MAINMENU(Include MAINME,,,
SALV_DEMO_TREE_LAYOUT,4,2441,984939,184,0.17,0.038,0.045,0.004,0,0.257,R,Demonstration Program for ALV OM Tree: S,BC,SAP List Viewer,Application Components->Basis Components->Basis Services / Communication Interfaces->SAP List Viewer->SALV_DEMO_TREE_LAYOUT(Demonstration Program for ALV OM Tree: Settings),SAP->BC->BC-SRV->BC-SRV-ALV->SALV_DEMO_T,,,
F.01,5,1758,225285,5,0.212,0.027,0.01,0,0.00495,0.25395,T,ABAP Report: Financial Statements,FI,Financial Accounting,Application Components->Financial Accounting->F.01(ABAP Report: Financial Statements),SAP->FI->F.01(ABAP Report: Financial Sta,,,
PFCG,2,757,73306,328,0.085,0.012,0.003,0.007,0.14385,0.25085,T,Role Maintenance,BC,ABAP Authorization and Role Management,Application Components->Basis Components->Security->Authorization Management->ABAP Authorization and Role Management->PFCG(Role Maintenance),SAP->BC->BC-SEC->BC-SEC-AUT->BC-SEC-AUT-,,,
ssuite.smartbusiness.runtime.s1,4,7,29,2220632,0.17,0.003,0,0.021,0.0486,0.2426,F,UI code for Smart Business runtime,CA,Cross-Application Components,Application Components->Cross-Application Components->General Application Functions->General Application Functions->General Application Functions->General Application Functions->ssuite.smartbusiness.r,CA-GTF-SB-S4H-RT,,,
MDG_BS_MAT_OVP,1,224,207,5870030,0.042,0.093,0,0.056,0.0501,0.2411,W,MDG-M: UI with CBA,CA,Cross-Application Components,Application Components->Cross-Application Components->Master Data Governance->Applications->MDG Material->MDG_BS_MAT_OVP(MDG-M: UI with CBA),CA-MDG-APP-MM,,,
SPRO,4,141,36794,71,0.17,0.002,0.002,0.002,0.0645,0.2405,T,Customizing - Edit Project,BC,Customizing Project Management (IMG),Application Components->Basis Components->Customizing (Use Subcomponents)->Customizing Tools (Techniques): Use Subcomponents->Customizing Project Management (IMG)->SPRO(Customizing - Edit Project),SAP->BC->BC-CUS->BC-CUS-TOL->BC-CUS-TOL-,,,
FB70,3,104,23581,1721,0.127,0.002,0.001,0.038,0.06945,0.23745,T,Enter Outgoing Invoices,FI,Financial Accounting,Application Components->Financial Accounting->FB70(Enter Outgoing Invoices),SAP->FI->FB70(Enter Outgoing Invoices),,,
ui.ssuite.s2p.mm.pur.po.manage.st.s1,2,32,82,1754511,0.085,0.013,0,0.017,0.12,0.235,F,Manage Purchase Orders - Smart Template,MM,Materials Management,Application Components->Materials Management->Materials Management->Materials Management->Materials Management->ui.ssuite.s2p.mm.pur.po.manage.st.s1(Manage Purchase Orders - Smart Template),MM-FIO-PUR-PO,,,
VL02N,3,48,30260,1632,0.127,0.001,0.001,0.036,0.06975,0.23475,T,Change Outbound Delivery,LE,Shipping,Application Components->Logistics Execution->Shipping->VL02N(Change Outbound Delivery),SAP->LE->LE-SHP->VL02N(Change Outbound D,,,
MM03,5,140,39467,4,0.212,0.002,0.002,0,0.015,0.231,T,Display Material &,LO,Material Master,Application Components->Logistics - General->Logistics Basic Data->Material Master->MM03(Display Material &),SAP->LO->LO-MD->LO-MD-MM->MM03(Display M,,,
mdm.cmd.cmpmonprocs1,3,14,39,1609279,0.127,0.006,0,0.015,0.0804,0.2284,F,MD CMP Monitor Process,CA,Cross-Application Components,Application Components->Cross-Application Components->Master Data Governance->Consolidation & Mass Processing->Consolidation & Mass Processing->mdm.cmd.cmpmonprocs1(MD CMP Monitor Process),CA-MDG-CMP-FIO,,,
RFCASH20,2,7890,218595,184,0.085,0.122,0.01,0.004,0,0.221,R,Cash Journal,FI,Payment Transactions,Application Components->Financial Accounting->Bank Accounting->Payment Transactions->RFCASH20(Cash Journal),SAP->FI->FI-BL->FI-BL-PT->RFCASH20(Cash,,,
/BSNAGT/FILE_MONI,3,494,30641,158,0.127,0.008,0.001,0.004,0.0795,0.2195,T,Connector Monitor,LO,Connector for SAP Multi-Bank Connectivit,Application Components->LOD Components->SAP Multi-Bank Connectivity->Connector for SAP Multi-Bank Connectivit->/BSNAGT/FILE_MONI(Connector Monitor),SAP->LOD->LOD-FSN->LOD-FSN-AGT->/BSNAGT/,,,
SU3,5,28,13729,4,0.212,0,0.001,0,0,0.213,T,Maintain Users Own Data,BC,User and Authorization Management,Application Components->Basis Components->Security->User Administration->User and Authorization Management->SU3(Maintain Users Own Data),SAP->BC->BC-SEC->BC-SEC-USR->BC-SEC-USR-,,,
FB01,2,308,59017,1721,0.085,0.005,0.003,0.038,0.0801,0.2111,T,Post Document,FI,Financial Accounting,Application Components->Financial Accounting->FB01(Post Document),SAP->FI->FB01(Post Document),,,
fin.cash.brm.bankaccount.manage,3,17,32,2237838,0.127,0.007,0,0.022,0.0537,0.2097,F,Manage Bank Accounts,FIN,Financials,Application Components->Financials->Fiori UI for Financials->Fiori UI for Cash and Liquidity Management->fin.cash.brm.bankaccount.manage(Manage Bank Accounts),FIN-FIO-CLM,,,
ME51N,3,54,22690,44,0.127,0.001,0.001,0.001,0.07425,0.20425,T,Create Purchase Requisition,MM,Purchasing,Application Components->Materials Management->Purchasing->ME51N(Create Purchase Requisition),SAP->MM->MM-PUR->ME51N(Create Purchase R,,,
SWO1,2,2231,36888,23,0.085,0.035,0.002,0.001,0.0795,0.2025,T,Business Object Builder,BC,Business Object Builder,Application Components->Basis Components->ABAP Workbench  Java IDE and Infrastructure->Workbench Tools: Editors  Painters  Modelers->Business Object Builder->SWO1(Business Object Builder),SAP->BC->BC-DWB->BC-DWB-TOO->BC-DWB-TOO-,,,
sap.se.mi.plm.lib.attachmentservice.atta,3,31,33,1792548,0.127,0.013,0,0.017,0.04275,0.19975,F,FIORI LANDING PAGE,FIO,UI5,Application Components->Materials Management->sap.se.mi.plm.lib.attachmentservice.attachment(FIORI LANDING PAGE),FIO,,,
FBL1N,4,343,38112,52,0.17,0.005,0.002,0.001,0.0201,0.1981,T,Vendor Line Items,FI,Information System,Application Components->Financial Accounting->General Ledger Accounting->Information System->FBL1N(Vendor Line Items),SAP->FI->FI-GL->FI-GL-IS->FBL1N(Vendor L,,,
ABAD,3,10,11,1721,0.127,0,0,0.038,0.02475,0.18975,T,Asset Retire. frm Sale w/ Customer,FI,Basic Functions,Application Components->Financial Accounting->Asset Accounting->Basic Functions->ABAD(Asset Retire. frm Sale w/ Customer),SAP->FI->FI-AA->FI-AA-AA->ABAD(Asset Ret,,,
BALVBT01,1,8823,126878,184,0.042,0.137,0.006,0.004,0,0.189,R,Testprogram  ALV: Block list,BC,SAP List Viewer,Application Components->Basis Components->Basis Services / Communication Interfaces->SAP List Viewer->BALVBT01(Testprogram  ALV: Block list),SAP->BC->BC-SRV->BC-SRV-ALV->BALVBT01(Te,,,
FB03,4,41,16423,539,0.17,0.001,0.001,0.012,0.00495,0.18895,T,Display Document,FI,Financial Accounting,Application Components->Financial Accounting->FB03(Display Document),SAP->FI->FB03(Display Document),,,
fin.gl.documentpost,1,196,6399,1599041,0.042,0.081,0.001,0.015,0.04905,0.18805,F,Post G/L Document,FI,Financial Accounting,Application Components->Financial Accounting->Fiori UI for Financial Accounting->Fiori UI for General Ledger Accounting->fin.gl.documentpost(Post G/L Document),FI-FIO-GL,,,
SBWP,4,21,13,391895,0.17,0.009,0,0.004,0.00435,0.18735,W,SAP Business Workplace,BC,Basis Components,Application Components->Basis Components->Basis Services / Communication Interfaces->Communication Services: Mail, Fax, SMS, Telephony->SBWP(SAP Business Workplace),BC-SRV-COM
FB02,2,357,40100,539,0.085,0.006,0.002,0.012,0.07965,0.18465,T,Change Document,FI,Financial Accounting,Application Components->Financial Accounting->FB02(Change Document),SAP->FI->FB02(Change Document),,,
VF01,2,66,9367,1153,0.085,0.001,0,0.026,0.06945,0.18145,T,Create Billing Documents,SD,Billing,Application Components->Sales and Distribution->Billing->VF01(Create Billing Documents),SAP->SD->SD-BIL->VF01(Create Billing Doc,,,
fin.ap.manager.ovp,1,3,75,2552132,0.042,0.001,0,0.025,0.1089,0.1769,F,F2917 - Accounts Payable Overview,FI,Financial Accounting,Application Components->Financial Accounting->Fiori UI for Financial Accounting->Fiori UI for Accounts Payable->fin.ap.manager.ovp(F2917 - Accounts Payable Overview),FI-FIO-AP,,,
SMEN,4,67,49137,127,0.17,0.001,0.002,0.003,0,0.176,T,Session Manager Menu Tree Display,BC,User Administration,Application Components->Basis Components->Security->User Administration->SMEN(Session Manager Menu Tree Display),SAP->BC->BC-SEC->BC-SEC-USR->SMEN(Sessio,,,
GUIBIBS,1,8060,177563,14,0.042,0.125,0.008,0,0,0.175,T,BIBS for GUI Tests,BC,ABAP Syntax  Compiler  Runtime,Application Components->Basis Components->ABAP Runtime Environment - ABAP Language Issues Only->ABAP Syntax  Compiler  Runtime->GUIBIBS(BIBS for GUI Tests),SAP->BC->BC-ABA->BC-ABA-LA->GUIBIBS(BIBS,,,
<HANDLE RFC>,4,12,4,184,0.17,0,0,0.004,0,0.174,R,,CA,Cross-Application Components,Application Components->Cross-Application Components-><HANDLE RFC>(),SAP->CA-><HANDLE RFC>(),,,
PA20,4,34,14988,96,0.17,0.001,0.001,0.002,0,0.174,T,Display HR Master Data,PA,Personnel Administration,Application Components->Personnel Management->Personnel Administration->PA20(Display HR Master Data),SAP->PA->PA-PA->PA20(Display HR Master D,,,
MM02,2,134,19137,4,0.085,0.002,0.001,0,0.07935,0.16735,T,Change Material &,LO,Material Master,Application Components->Logistics - General->Logistics Basic Data->Material Master->MM02(Change Material &),SAP->LO->LO-MD->LO-MD-MM->MM02(Change Ma,,,
VL03N,2,137,24902,1632,0.085,0.002,0.001,0.036,0.04035,0.16435,T,Display Outbound Delivery,LE,Shipping,Application Components->Logistics Execution->Shipping->VL03N(Display Outbound Delivery),SAP->LE->LE-SHP->VL03N(Display Outbound,,,
RZ11,3,19,5043,64,0.127,0,0,0.001,0.03465,0.16265,T,Profile Parameter Maintenance,BC,Maintain Profile,Application Components->Basis Components->Use Subcomponents->Use Subcomponents->Maintain Profile->RZ11(Profile Parameter Maintenance),SAP->BC->BC-CCM->BC-CCM-CNF->BC-CCM-CNF-,,,
BCALV_GRID_EDIT,3,1579,159959,184,0.127,0.024,0.007,0.004,0,0.162,R,,BC,SAP List Viewer,Application Components->Basis Components->Basis Services / Communication Interfaces->SAP List Viewer->BCALV_GRID_EDIT(),SAP->BC->BC-SRV->BC-SRV-ALV->BCALV_GRID_,,,
mdm.mdg.mdproc.product.ovps1,1,3,38,1902767,0.042,0.001,0,0.018,0.10095,0.16195,F,Master Data Process Overview for Product,CA,Cross-Application Components,Application Components->Cross-Application Components->Master Data Governance->Analysis and Remediation of Data Quality->mdm.mdg.mdproc.product.ovps1(Master Data Process Overview for Product),CA-MDG-ADQ,,,
/IWFND/GW_CLIENT,3,108,152732,1096,0.127,0.002,0.007,0.024,0,0.16,T,SAP Gateway Client,OP,IWF Common Services,Application Components->Occasional Platform User->Information Worker Foundation Framework->IWF Common Services->/IWFND/GW_CLIENT(SAP Gateway Client),SAP->OPU->OPU-FND->OPU-FND-CS->/IWFND/GW,,,
VA02,1,131,110,2899800,0.042,0.054,0,0.028,0.03465,0.15865,W,Change Sales Orders,SD,Sales and Distribution,Application Components->Sales and Distribution->Sales->VA02(Change Sales Orders),SD-SLS,,,
MIRO,2,13,5422,1701,0.085,0,0,0.038,0.03465,0.15765,T,Enter Incoming Invoice,MM,Invoice Verification,Application Components->Materials Management->Invoice Verification->MIRO(Enter Incoming Invoice),SAP->MM->MM-IV->MIRO(Enter Incoming Invo,,,
XD01,1,98,37139,230,0.042,0.002,0.002,0.005,0.10515,0.15615,T,Create Customer (Centrally),LO,Customer Master,Application Components->Logistics - General->Logistics Basic Data->Business Partners->Customer Master->XD01(Create Customer (Centrally)),SAP->LO->LO-MD->LO-MD-BP->LO-MD-BP-CM->X,,,
SE11,2,31,18340,16,0.085,0,0.001,0,0.0693,0.1553,T,ABAP Dictionary Maintenance,BC,Data Dictionary Tools in ABAP Workbench,Application Components->Basis Components->ABAP Workbench  Java IDE and Infrastructure->ABAP Dictionary->Data Dictionary Tools in ABAP Workbench->SE11(ABAP Dictionary Maintenance),SAP->BC->BC-DWB->BC-DWB-DIC->BC-DWB-DIC-,,,
CS03,1,753,32802,4,0.042,0.012,0.001,0,0.0999,0.1549,T,Display Material BOM,LO,Bills of Material,Application Components->Logistics - General->Logistics Basic Data->Bills of Material->CS03(Display Material BOM),SAP->LO->LO-MD->LO-MD-BOM->CS03(Display,,,
BCALV_EDIT_03,1,4767,753687,184,0.042,0.074,0.034,0.004,0,0.154,R,Verification of modified cells,BC,SAP List Viewer,Application Components->Basis Components->Basis Services / Communication Interfaces->SAP List Viewer->BCALV_EDIT_03(Verification of modified cells),SAP->BC->BC-SRV->BC-SRV-ALV->BCALV_EDIT_,,,
SAPCALENDAR_NAVI,3,1364,89396,29,0.127,0.021,0.004,0.001,0,0.153,T,Testtransaction Calendar Control,BC,SAP Internet Transaction Server,Application Components->Basis Components->Frontend Services - Use subcomponents (see SAP Note 1322184)->SAP Internet Transaction Server->SAPCALENDAR_NAVI(Testtransaction Calendar Control),SAP->BC->BC-FES->BC-FES-ITS->SAPCALENDAR,,,
XK01,2,30,11420,235,0.085,0,0.001,0.005,0.05985,0.15085,T,Create Vendor (Centrally),LO,Vendor Master,Application Components->Logistics - General->Logistics Basic Data->Business Partners->Vendor Master->XK01(Create Vendor (Centrally)),SAP->LO->LO-MD->LO-MD-BP->LO-MD-BP-VM->X,,,
ME2L,3,165,20053,425,0.127,0.003,0.001,0.009,0.01005,0.15005,T,Purchase Orders by Supplier,MM,Purchasing,Application Components->Materials Management->Purchasing->ME2L(Purchase Orders by Supplier),SAP->MM->MM-PUR->ME2L(Purchase Orders by,,,
fin.acc.query.analyze,2,5,28,4799907,0.085,0.002,0,0.046,0.0168,0.1498,F,Analyze Design Studio Query,FI,Financial Accounting,Application Components->Financial Accounting->Fiori UI for Financial Accounting->Fiori UI for General Ledger Accounting->Fiori UI for General Ledger Accounting->fin.acc.query.analyze(Analyze Design St,FI-FIO-GL-IS,,,
FB10,2,30,2153,1721,0.085,0,0,0.038,0.02475,0.14775,T,Invoice/Credit Fast Entry,FI,Financial Accounting,Application Components->Financial Accounting->FB10(Invoice/Credit Fast Entry),SAP->FI->FB10(Invoice/Credit Fast Entry),,,
F-43,2,5,597,1721,0.085,0,0,0.038,0.02475,0.14775,T,Enter Vendor Invoice,FI,Financial Accounting,Application Components->Financial Accounting->F-43(Enter Vendor Invoice),SAP->FI->F-43(Enter Vendor Invoice),,,
FB50,1,119,61647,1721,0.042,0.002,0.003,0.038,0.06,0.145,T,G/L Acct Pstg: Single Screen Trans.,FI,Financial Accounting,Application Components->Financial Accounting->FB50(G/L Acct Pstg: Single Screen Trans.),SAP->FI->FB50(G/L Acct Pstg: Single Scre,,,
FD02,2,21,3075,230,0.085,0,0,0.005,0.05475,0.14475,T,Change Customer (Accounting),LO,Customer Master,Application Components->Logistics - General->Logistics Basic Data->Business Partners->Customer Master->FD02(Change Customer (Accounting)),SAP->LO->LO-MD->LO-MD-BP->LO-MD-BP-CM->F,,,
TRIP,3,45,26637,639,0.127,0.001,0.001,0.014,0,0.143,T,Travel Manager,BC,Travel Manager,Application Components->Basis Components->ABAP Runtime Environment - ABAP Language Issues Only->Travel Manager->TRIP(Travel Manager),SAP->BC->BC-ABA->FI-TV-COS->TRIP(Travel,,,
ME52NB,2,2,2,44,0.085,0,0,0.001,0.05445,0.14045,T,Buyer Approval: Purchase Requisition,MM,Purchasing,Application Components->Materials Management->Purchasing->ME52NB(Buyer Approval: Purchase Requisition),SAP->MM->MM-PUR->ME52NB(Buyer Approval:,,,
SAPMSSY1,3,354,26911,184,0.127,0.005,0.001,0.004,0,0.137,R,CPIC and RFC Control,BC,RFC,Application Components->Basis Components->Middleware->RFC->SAPMSSY1(CPIC and RFC Control),SAP->BC->BC-MID->BC-MID-RFC->SAPMSSY1(CP,,,
IQS1,1,8,5198,1079,0.042,0,0,0.024,0.0693,0.1353,T,Create Notification - Extended View,QM,Quality Notifications,Application Components->Quality Management->Quality Notifications->IQS1(Create Notification - Extended View),SAP->QM->QM-QN->IQS1(Create Notification,,,
XK02,2,25,3058,235,0.085,0,0,0.005,0.04455,0.13455,T,Change vendor (centrally),LO,Vendor Master,Application Components->Logistics - General->Logistics Basic Data->Business Partners->Vendor Master->XK02(Change vendor (centrally)),SAP->LO->LO-MD->LO-MD-BP->LO-MD-BP-VM->X,,,
F-06,1,2,330,1721,0.042,0,0,0.038,0.05445,0.13445,T,Post Incoming Payments,FI,General Ledger Accounting,Application Components->Financial Accounting->General Ledger Accounting->F-06(Post Incoming Payments),SAP->FI->FI-GL->F-06(Post Incoming Payme,,,
MR8M,1,1,1,1701,0.042,0,0,0.038,0.05445,0.13445,T,Cancel Invoice Document,MM,Invoice Verification,Application Components->Materials Management->Invoice Verification->MR8M(Cancel Invoice Document),SAP->MM->MM-IV->MR8M(Cancel Invoice Docu,,,
VLPOD,1,1,1217,1632,0.042,0,0,0.036,0.05445,0.13245,T,POD - Change Outbound Delivery,LE,Shipping,Application Components->Logistics Execution->Shipping->VLPOD(POD - Change Outbound Delivery),SAP->LE->LE-SHP->VLPOD(POD - Change Outb,,,
SE12,1,302,28925,16,0.042,0.005,0.001,0,0.0843,0.1323,T,ABAP Dictionary Display,BC,Data Dictionary Tools in ABAP Workbench,Application Components->Basis Components->ABAP Workbench  Java IDE and Infrastructure->ABAP Dictionary->Data Dictionary Tools in ABAP Workbench->SE12(ABAP Dictionary Display),SAP->BC->BC-DWB->BC-DWB-DIC->BC-DWB-DIC-,,,
BALVHT01,3,35,7049,184,0.127,0.001,0,0.004,0,0.132,R,Test program ALV: hierarchical-sequentia,BC,SAP List Viewer,Application Components->Basis Components->Basis Services / Communication Interfaces->SAP List Viewer->BALVHT01(Test program ALV: hierarchical-sequential list flight model),SAP->BC->BC-SRV->BC-SRV-ALV->BALVHT01(Te,,,
SAPTOOLBAR_DEMO1,3,148,11140,24,0.127,0.002,0.001,0.001,0,0.131,T,Test Transaction: Toolbar Control,BC,SAP GUI for Windows Controls,Application Components->Basis Components->Frontend Services - Use subcomponents (see SAP Note 1322184)->SAP GUI for Windows Controls->SAPTOOLBAR_DEMO1(Test Transaction: Toolbar Control),SAP->BC->BC-FES->BC-FES-CTL->SAPTOOLBAR_,,,
LOGOFF,3,6,60,184,0.127,0,0,0.004,0,0.131,R,,CA,Cross-Application Components,Application Components->Cross-Application Components->LOGOFF(),SAP->CA->LOGOFF(),,,
BCALV_GRID_08,3,19,2293,184,0.127,0,0,0.004,0,0.131,R,Define a Menu with Default Pushbutton,BC,SAP List Viewer,Application Components->Basis Components->Basis Services / Communication Interfaces->SAP List Viewer->BCALV_GRID_08(Define a Menu with Default Pushbutton),SAP->BC->BC-SRV->BC-SRV-ALV->BCALV_GRID_,,,
SM21,3,90,53602,35,0.127,0.001,0.002,0.001,0,0.131,T,system log,BC,SAP System Log,Application Components->Basis Components->Use Subcomponents->CCMS Monitoring & Alerting->SAP System Log->SM21(system log),SAP->BC->BC-CCM->BC-CCM-MON->BC-CCM-MON-,,,
FGI3,1,25,10076,840,0.042,0,0,0.019,0.0693,0.1303,T,Display Report,FI,Information System,Application Components->Financial Accounting->General Ledger Accounting->Information System->FGI3(Display Report),SAP->FI->FI-GL->FI-GL-IS->FGI3(Display R,,,
cus.sd.salesorder.factsheet,2,9,594,521969,0.085,0.004,0,0.005,0.03375,0.12775,F,cus.sd.salesorder.factsheet,SD,Sales and Distribution,Application Components->Sales and Distribution->Sales->cus.sd.salesorder.factsheet(cus.sd.salesorder.factsheet),SD-SLS,,,
XD02,1,81,11291,230,0.042,0.001,0.001,0.005,0.07515,0.12415,T,Change Customer (Centrally),LO,Customer Master,Application Components->Logistics - General->Logistics Basic Data->Business Partners->Customer Master->XD02(Change Customer (Centrally)),SAP->LO->LO-MD->LO-MD-BP->LO-MD-BP-CM->X,,,
VD02,1,56,8693,230,0.042,0.001,0,0.005,0.07515,0.12315,T,Change Customer (Sales),LO,Customer Master,Application Components->Logistics - General->Logistics Basic Data->Business Partners->Customer Master->VD02(Change Customer (Sales)),SAP->LO->LO-MD->LO-MD-BP->LO-MD-BP-CM->V,,,
ME22N,2,47,24,899688,0.085,0.019,0,0.009,0.01005,0.12305,W,Change Purchase Order,MM,Materials Management,Application Components->Materials Management->Purchasing->ME22N(Change Purchase Order),MM-PUR,,,
/SCWM/TO_CONF,1,2,2738,449,0.042,0,0,0.01,0.0693,0.1213,T,Confirm Warehouse Task,SC,Extended Warehouse Management,Application Components->Supply Chain Management->Extended Warehouse Management->/SCWM/TO_CONF(Confirm Warehouse Task),SAP->SCM->SCM-EWM->/SCWM/TO_CONF(Confirm,,,
VA03,2,40,56,669780,0.085,0.017,0,0.006,0.0117,0.1197,W,Display Sales Orders,SD,Sales and Distribution,Application Components->Sales and Distribution->Sales->VA03(Display Sales Orders),SD-SLS,,,
GJ2B,1,62,12826,0,0.042,0.001,0.001,0,0.0744,0.1184,T,Maintain JV partners,CA,Joint Venture und Production Sharing Acc,Application Components->Cross-Application Components->Joint Venture und Production Sharing Acc->GJ2B(Maintain JV partners),SAP->CA->CA-JVA->GJ2B(Maintain JV partne,,,
i2d.pp.prdorderissue.monitor.s1,2,14,12,443577,0.085,0.006,0,0.004,0.02265,0.11765,F,Monitor Production Orders - S4H OP,PP,Production Planning and Control,Application Components->Production Planning and Control->Fiori UI for Production Planning and Control->Fiori UI for Production Planning and Control->i2d.pp.prdorderissue.monitor.s1(Monitor Production,PP-FIO-MRP,,,
VF03,2,9,5169,1153,0.085,0,0,0.026,0.00495,0.11595,T,Display Billing Documents,SD,Billing,Application Components->Sales and Distribution->Billing->VF03(Display Billing Documents),SAP->SD->SD-BIL->VF03(Display Billing Do,,,
SE01,1,102,22311,50,0.042,0.002,0.001,0.001,0.0693,0.1153,T,Transport Organizer (Extended),BC,Transport Organizer,Application Components->Basis Components->Change & Transport System->Transport Organizer->SE01(Transport Organizer (Extended)),SAP->BC->BC-CTS->BC-CTS-ORG->SE01(Transp,,,
F-36,1,8,784,1721,0.042,0,0,0.038,0.03465,0.11465,T,Bill of Exchange Payment,FI,Financial Accounting,Application Components->Financial Accounting->F-36(Bill of Exchange Payment),SAP->FI->F-36(Bill of Exchange Payment),,,
F-03,1,1,1542,1721,0.042,0,0,0.038,0.03465,0.11465,T,Clear G/L Account,FI,Financial Accounting,Application Components->Financial Accounting->F-03(Clear G/L Account),SAP->FI->F-03(Clear G/L Account),,,
FB41,1,1,1227,1721,0.042,0,0,0.038,0.03465,0.11465,T,Post Tax Payable,FI,General Ledger Accounting,Application Components->Financial Accounting->General Ledger Accounting->FB41(Post Tax Payable),SAP->FI->FI-GL->FB41(Post Tax Payable),,,
FB75,1,2,245,1721,0.042,0,0,0.038,0.03465,0.11465,T,Enter Outgoing Credit Memos,FI,Financial Accounting,Application Components->Financial Accounting->FB75(Enter Outgoing Credit Memos),SAP->FI->FB75(Enter Outgoing Credit Memo,,,
F-52,1,3,388,1721,0.042,0,0,0.038,0.03465,0.11465,T,Post Incoming Payments,FI,Financial Accounting,Application Components->Financial Accounting->F-52(Post Incoming Payments),SAP->FI->F-52(Post Incoming Payments),,,
F-40,1,2,416,1721,0.042,0,0,0.038,0.03465,0.11465,T,Bill of Exchange Payment,FI,Financial Accounting,Application Components->Financial Accounting->F-40(Bill of Exchange Payment),SAP->FI->F-40(Bill of Exchange Payment),,,
VAX1_VBTYP,1,1,792,68,0.042,0,0,0.002,0.0693,0.1133,T,Create Sales Document,SD,Sales,Application Components->Sales and Distribution->Sales->VAX1_VBTYP(Create Sales Document),SAP->SD->SD-SLS->VAX1_VBTYP(Create Sales,,,
SE51,1,20,1566,23,0.042,0,0,0.001,0.0693,0.1123,T,Screen Painter,BC,Screen Painter,Application Components->Basis Components->ABAP Workbench  Java IDE and Infrastructure->Workbench Tools: Editors  Painters  Modelers->Screen Painter->SE51(Screen Painter),SAP->BC->BC-DWB->BC-DWB-TOO->BC-DWB-TOO-,,,
SUCOMP,1,21,925,67,0.042,0,0,0.001,0.0693,0.1123,T,User company address maintenance,BC,User and Authorization Management,Application Components->Basis Components->Security->User Administration->User and Authorization Management->SUCOMP(User company address maintenance),SAP->BC->BC-SEC->BC-SEC-USR->BC-SEC-USR-,,,
SEGW,1,84,7674,0,0.042,0.001,0,0,0.0693,0.1123,T,SAP Gateway Service Builder,OP,Gateway SAP Data Enablement,Application Components->Occasional Platform User->Gateway Business Suite Enablement->Gateway SAP Data Enablement->SEGW(SAP Gateway Service Builder),SAP->OPU->OPU-BSE->OPU-BSE-SDE->SEGW(SAP,,,
/SCWM/MON,1,3,1308,59,0.042,0,0,0.001,0.0693,0.1123,T,Warehouse Management Monitor,SC,Monitoring,Application Components->Supply Chain Management->Extended Warehouse Management->Monitoring->/SCWM/MON(Warehouse Management Monitor),SAP->SCM->SCM-EWM->SCM-EWM-MON->/SCWM/MO,,,
SE09,1,1,1,50,0.042,0,0,0.001,0.0693,0.1123,T,Transport Organizer,BC,Transport Organizer,Application Components->Basis Components->Change & Transport System->Transport Organizer->SE09(Transport Organizer),SAP->BC->BC-CTS->BC-CTS-ORG->SE09(Transp,,,
WB_NEW_WINDOW,1,8,4339,7,0.042,0,0,0,0.0693,0.1113,T,Workbench: Opens new window,BC,Repository Browser,Application Components->Basis Components->ABAP Workbench  Java IDE and Infrastructure->Workbench Utilities->Repository Browser->WB_NEW_WINDOW(Workbench: Opens new window),SAP->BC->BC-DWB->BC-DWB-UTL->BC-DWB-UTL-,,,
/SCWM/GRPI,1,2,6949,5,0.042,0,0,0,0.0693,0.1113,T,GR Preparation: Production,SC,User Interface,Application Components->Supply Chain Management->Extended Warehouse Management->Delivery Processing->User Interface->/SCWM/GRPI(GR Preparation: Production),SAP->SCM->SCM-EWM->SCM-EWM-DLP->SCM-EWM-,,,
FSE2_XBRL,2,3,14,36,0.085,0,0,0.001,0.02475,0.11075,T,Change F/S Version (XBRL),FI,General Ledger Accounting,Application Components->Financial Accounting->General Ledger Accounting->FSE2_XBRL(Change F/S Version (XBRL)),SAP->FI->FI-GL->FSE2_XBRL(Change F/S Ver,,,
FAGLB03,2,207,47252,163,0.085,0.003,0.002,0.004,0.015,0.109,T,Display Balances,FI,General Ledger Accounting,Application Components->Financial Accounting->General Ledger Accounting->FAGLB03(Display Balances),SAP->FI->FI-GL->FAGLB03(Display Balances,,,
KCH2,2,112,9884,112,0.085,0.002,0,0.002,0.0198,0.1088,T,Change profit center hierarchy,EC,Profit Center Accounting,Application Components->Enterprise Controlling->Profit Center Accounting->KCH2(Change profit center hierarchy),SAP->EC->EC-PCA->KCH2(Change profit cent,,,
MM03,2,28,22,521445,0.085,0.012,0,0.005,0.00615,0.10815,W,Display Material &,LO,Logistics - General,Application Components->Logistics - General->Logistics Basic Data->Material Master->MM03(Display Material &),LO-MD-MM,,,
FK01,1,32,20866,235,0.042,0,0.001,0.005,0.05985,0.10785,T,Create Vendor (Accounting),LO,Vendor Master,Application Components->Logistics - General->Logistics Basic Data->Business Partners->Vendor Master->FK01(Create Vendor (Accounting)),SAP->LO->LO-MD->LO-MD-BP->LO-MD-BP-VM->F,,,
SAPTEXTEDIT_TEST_1,2,973,50178,184,0.085,0.015,0.002,0.004,0,0.106,R,Test for ABAP Global Wrapper Class of Te,BC,SAP GUI for Windows Controls,Application Components->Basis Components->Frontend Services - Use subcomponents (see SAP Note 1322184)->SAP GUI for Windows Controls->SAPTEXTEDIT_TEST_1(Test for ABAP Global Wrapper Class of TextEdit,SAP->BC->BC-FES->BC-FES-CTL->SAPTEXTEDIT,,,
SE39,2,21,6797,23,0.085,0,0,0.001,0.0198,0.1058,T,ABAP Split Screen Editor,BC,ABAP Editor,Application Components->Basis Components->ABAP Workbench  Java IDE and Infrastructure->Workbench Tools: Editors  Painters  Modelers->ABAP Editor->SE39(ABAP Split Screen Editor),SAP->BC->BC-DWB->BC-DWB-TOO->BC-DWB-TOO-,,,
fin.ap.payment.post,2,2,169,672080,0.085,0.001,0,0.006,0.01305,0.10505,F,Fiori App - Post Outgoing Payment - BSP,FI,Financial Accounting,Application Components->Financial Accounting->Fiori UI for Financial Accounting->Fiori UI for Accounts Payable->fin.ap.payment.post(Fiori App - Post Outgoing Payment - BSP),FI-FIO-AP,,,
FB08,1,6,4048,1721,0.042,0,0,0.038,0.02475,0.10475,T,Reverse Document,FI,Financial Accounting,Application Components->Financial Accounting->FB08(Reverse Document),SAP->FI->FB08(Reverse Document),,,
FBL5H,1,1,12804,286,0.042,0,0.001,0.006,0.05445,0.10345,T,Customer Line Item Browser,FI,Information System,Application Components->Financial Accounting->General Ledger Accounting->Information System->FBL5H(Customer Line Item Browser),SAP->FI->FI-GL->FI-GL-IS->FBL5H(Customer,,,
DWDM,2,25,10,362092,0.085,0.01,0,0.003,0.00525,0.10325,W,Development Workbench Demos,BC,Basis Components,Application Components->Basis Components->Frontend Services - Use subcomponents (see SAP Note 1322184)->SAP Internet Transaction Server->DWDM(Development Workbench Demos),BC-FES-ITS,,,
VL01,1,1,1,1632,0.042,0,0,0.036,0.02475,0.10275,T,Create Delivery,LE,Shipping,Application Components->Logistics Execution->Shipping->VL01(Create Delivery),SAP->LE->LE-SHP->VL01(Create Delivery),,,
VL01NO,1,1,800,1632,0.042,0,0,0.036,0.02475,0.10275,T,Create Outbound Dlv. w/o Order Ref.,LE,Shipping,Application Components->Logistics Execution->Shipping->VL01NO(Create Outbound Dlv. w/o Order Ref.),SAP->LE->LE-SHP->VL01NO(Create Outbound,,,
PFCG,2,21,11,408478,0.085,0.009,0,0.004,0.00435,0.10235,W,Role Maintenance,BC,Basis Components,Application Components->Basis Components->Security->Authorization Management->ABAP Authorization and Role Management->PFCG(Role Maintenance),BC-SEC-AUT-PFC,,,
XD03,2,25,5210,230,0.085,0,0,0.005,0.01005,0.10005,T,Display Customer (Centrally),LO,Customer Master,Application Components->Logistics - General->Logistics Basic Data->Business Partners->Customer Master->XD03(Display Customer (Centrally)),SAP->LO->LO-MD->LO-MD-BP->LO-MD-BP-CM->X,,,
cus.sd.sofulfil.analyzes1,2,3,22,436112,0.085,0.001,0,0.004,0.01005,0.10005,F,Sales Order Fulfillment - Analyze Issues,SD,Sales and Distribution,Application Components->Sales and Distribution->Sales and Distribution->Sales and Distribution->cus.sd.sofulfil.analyzes1(Sales Order Fulfillment - Analyze Issues),SD-FIO-HBA,,,
/SCWM/PI_COUNTLIST,1,16,4795,126,0.042,0,0,0.003,0.05445,0.09945,T,Create Phys. Inventory Count in List,SC,Physical Inventory,Application Components->Supply Chain Management->Extended Warehouse Management->Physical Inventory->/SCWM/PI_COUNTLIST(Create Phys. Inventory Count in List),SAP->SCM->SCM-EWM->SCM-EWM-PI->/SCWM/PI_,,,
ST03,2,61,35261,262,0.085,0.001,0.002,0.006,0.00495,0.09895,T,Workload and Performance Statistics,BC,CCMS Monitoring & Alerting,Application Components->Basis Components->Use Subcomponents->CCMS Monitoring & Alerting->ST03(Workload and Performance Statistics),SAP->BC->BC-CCM->BC-CCM-MON->ST03(Worklo,,,
MB51,2,2,1196,392,0.085,0,0,0.009,0.00495,0.09895,T,Material Doc. List,MM,Inventory Management,Application Components->Materials Management->Inventory Management->MB51(Material Doc. List),SAP->MM->MM-IM->MB51(Material Doc. List),,,
mdm.md.customer.manage,2,5,48,244747,0.085,0.002,0,0.002,0.0096,0.0986,F,Customer Object Page,LO,Logistics - General,Application Components->Logistics - General->Logistics Basic Data->Fiori UI for Basic Data in Logistics->Fiori UI for Basic Data in Logistics->mdm.md.customer.manage(Customer Object Page),LO-MD-FIO-CM,,,
VL10G,1,7,2670,0,0.042,0,0,0,0.05445,0.09645,T,Documents due for Delivery,LE,Shipping,Application Components->Logistics Execution->Shipping->VL10G(Documents due for Delivery),SAP->LE->LE-SHP->VL10G(Documents due for,,,
VF04,1,7,2387,21,0.042,0,0,0,0.05445,0.09645,T,Maintain Billing Due List,SD,Billing,Application Components->Sales and Distribution->Billing->VF04(Maintain Billing Due List),SAP->SD->SD-BIL->VF04(Maintain Billing D,,,
USMD_CHANGE_DOCUMENT,2,16,16,27251,0.085,0.007,0,0,0.00435,0.09635,W,Change Documents,CA,Cross-Application Components,Application Components->Cross-Application Components->Master Data Governance->Application Framework->USMD_CHANGE_DOCUMENT(Change Documents),CA-MDG-AF,,,
s4.cfnd.managesearchmodel,2,5,5,162006,0.085,0.002,0,0.002,0.0063,0.0953,F,Search modeler to build CDS-based Enterp,CA,Cross-Application Components,Application Components->Cross-Application Components->General Application Functions->HANA Search for Business Suite->s4.cfnd.managesearchmodel(Search modeler to build CDS-based Enterp),CA-GTF-HSB,,,
IBO_WDA_INBOX,2,12,23,55607,0.085,0.005,0,0.001,0.00315,0.09415,W,Lean Workflow Inbox Application,CA,Cross-Application Components,Application Components->Cross-Application Components->Processes and Tools for Enterprise Applications->Suite Inbox->IBO_WDA_INBOX(Lean Workflow Inbox Application),CA-EPT-IBO,,,
BAPI,2,58,53607,49,0.085,0.001,0.002,0.001,0.00495,0.09395,T,BAPI Explorer,BC,BAPI Tools (for BAPIs see Note 813411),Application Components->Basis Components->Middleware->BAPI Tools (for BAPIs see Note 813411)->BAPI(BAPI Explorer),SAP->BC->BC-MID->BC-MID-API->BAPI(BAPI E,,,
/SMB/BBI,1,5,6837,1220,0.042,0,0,0.027,0.02475,0.09375,T,Solution Builder,SV,Implementation Framework Infrastructure,Application Components->Service->SAP S/4H Content Packaging and Framework->Implementation Framework->Implementation Framework Infrastructure->/SMB/BBI(Solution Builder),SAP->SV->SV-CLD->SV-CLD-FRM->SV-CLD-FRM-,,,
FBV3,2,21,12449,89,0.085,0,0.001,0.002,0.00495,0.09295,T,Display Parked Document,FI,Financial Accounting,Application Components->Financial Accounting->FBV3(Display Parked Document),SAP->FI->FBV3(Display Parked Document),,,
VF02,1,8,8138,1153,0.042,0,0,0.026,0.02475,0.09275,T,Change Billing Documents,SD,Billing,Application Components->Sales and Distribution->Billing->VF02(Change Billing Documents),SAP->SD->SD-BIL->VF02(Change Billing Doc,,,
COR3,2,10,12,49009,0.085,0.004,0,0,0.0033,0.0923,W,Display Process Order,PP,Production Planning and Control,Application Components->Production Planning and Control->Production Planning for Process Industries->Process Order->COR3(Display Process Order),PP-PI-POR,,,
cus.sd.sofulfil.prdtddelivs1,2,2,4,57324,0.085,0.001,0,0.001,0.0051,0.0921,F,Predicted Delivery Delay,SD,Sales and Distribution,Application Components->Sales and Distribution->Sales and Distribution->Sales and Distribution->cus.sd.sofulfil.prdtddelivs1(Predicted Delivery Delay),SD-FIO-HBA,,,
FK02,1,2,84,235,0.042,0,0,0.005,0.04455,0.09155,T,Change Vendor (Accounting),LO,Vendor Master,Application Components->Logistics - General->Logistics Basic Data->Business Partners->Vendor Master->FK02(Change Vendor (Accounting)),SAP->LO->LO-MD->LO-MD-BP->LO-MD-BP-VM->F,,,
MDG_MONITOR_CR_PROCESTIME,2,8,16,2204,0.085,0.003,0,0,0.00315,0.09115,W,Change Request: Processing Time,CA,Cross-Application Components,Application Components->Cross-Application Components->Master Data Governance->Analytics and Reporting->MDG_MONITOR_CR_PROCESTIME(Change Request: Processing Time),CA-MDG-ANR,,,
USMD_EDITION_CREQUEST,2,8,20,692,0.085,0.003,0,0,0.00315,0.09115,W,Display Change Requests,CA,Cross-Application Components,Application Components->Cross-Application Components->Master Data Governance->Application Framework->USMD_EDITION_CREQUEST(Display Change Requests),CA-MDG-AF,,,
ME53N,2,5,8743,44,0.085,0,0,0.001,0.00495,0.09095,T,Display Purchase Requisition,MM,Purchasing,Application Components->Materials Management->Purchasing->ME53N(Display Purchase Requisition),SAP->MM->MM-PUR->ME53N(Display Purchase,,,
FB00,2,4,1549,26,0.085,0,0,0.001,0.00495,0.09095,T,Accounting Editing Options,FI,Financial Accounting,Application Components->Financial Accounting->FB00(Accounting Editing Options),SAP->FI->FB00(Accounting Editing Options,,,
ST05,2,143,35307,48,0.085,0.002,0.002,0.001,0,0.09,T,Performance Trace,BC,Transaction ST05,Application Components->Basis Components->Test Workbench->Use Subcomponents (See SAP Note 1156876)->Performance Test Tools->Transaction ST05->ST05(Performance Trace),SAP->BC->BC-TWB->BC-TWB-TST->BC-TWB-TST-,,,
OX15,2,2,1151,0,0.085,0,0,0,0.00495,0.08995,T,Define internal trading partner,FI,Basic Functions,Application Components->Financial Accounting->Consolidation->Basic Functions->OX15(Define internal trading partner),SAP->FI->FI-LC->FI-LC-LC->OX15(Define in,,,
STAD,2,46,44272,37,0.085,0.001,0.002,0.001,0,0.089,T,Statistics display for all systems,BC,CCMS Monitoring & Alerting,Application Components->Basis Components->Use Subcomponents->CCMS Monitoring & Alerting->STAD(Statistics display for all systems),SAP->BC->BC-CCM->BC-CCM-MON->STAD(Statis,,,
SAPHTML_EVENTS_DEMO,2,3,3,184,0.085,0,0,0.004,0,0.089,R,Demo for HTML Control: Processing Contro,BC,SAP GUI for Windows Controls,Application Components->Basis Components->Frontend Services - Use subcomponents (see SAP Note 1322184)->SAP GUI for Windows Controls->SAPHTML_EVENTS_DEMO(Demo for HTML Control: Processing Control Even,SAP->BC->BC-FES->BC-FES-CTL->SAPHTML_EVE,,,
S_AHR_61016408,2,115,17702,0,0.085,0.002,0.001,0,0,0.088,T,Travel Expense Reporting by Period,CA,Cross-Application Components,Application Components->Cross-Application Components->S_AHR_61016408(Travel Expense Reporting by Period),SAP->CA->S_AHR_61016408(Travel Expense R,,,
ST22,2,34,3551,93,0.085,0.001,0,0.002,0,0.088,T,ABAP Dump Analysis,BC,ABAP Syntax  Compiler  Runtime,Application Components->Basis Components->ABAP Runtime Environment - ABAP Language Issues Only->ABAP Syntax  Compiler  Runtime->ST22(ABAP Dump Analysis),SAP->BC->BC-ABA->BC-ABA-LA->ST22(ABAP Du,,,
USMD_FILE_UPLOAD,2,3,5,2200,0.085,0.001,0,0,0.00105,0.08705,W,File Upload,CA,Cross-Application Components,Application Components->Cross-Application Components->Master Data Governance->Application Framework->USMD_FILE_UPLOAD(File Upload),CA-MDG-AF,,,
USMD_ENTITY,2,3,5,2200,0.085,0.001,0,0,0.00105,0.08705,W,Collective Processing of an Entity,CA,Cross-Application Components,Application Components->Cross-Application Components->Master Data Governance->Application Framework->USMD_ENTITY(Collective Processing of an Entity),CA-MDG-AF,,,
FI01,1,9,2467,9,0.042,0,0,0,0.04455,0.08655,T,Create Bank,CA,Bank,Application Components->Cross-Application Components->Bank->FI01(Create Bank),SAP->CA->CA-BK->FI01(Create Bank),,,
SSC1,2,2,0,39117,0.085,0.001,0,0,0.00045,0.08645,W,SAP (own) Appointment Calendar,BC,Basis Components,Application Components->Basis Components->Basis Services / Communication Interfaces->Use Subcomponents->Appointment Calendar->SSC1(SAP (own) Appointment Calendar),BC-SRV-GBT-CAL,,,
OV51,2,17,2742,46,0.085,0,0,0.001,0,0.086,T,Display of Changes for Customer,SD,Material Maintenance,Application Components->Sales and Distribution->Master Data->Material Maintenance->OV51(Display of Changes for Customer),SAP->SD->SD-MD->SD-MD-MM->OV51(Display o,,,
ABAPDOCU,2,4,4852,26,0.085,0,0,0.001,0,0.086,T,Display ABAP Documentation,BC,ABAP Syntax  Compiler  Runtime,Application Components->Basis Components->ABAP Runtime Environment - ABAP Language Issues Only->ABAP Syntax  Compiler  Runtime->ABAPDOCU(Display ABAP Documentation),SAP->BC->BC-ABA->BC-ABA-LA->ABAPDOCU(Dis,,,
SH02,2,24,5276,7,0.085,0,0,0,0,0.085,T,For Further Navigation,BC,F1 Help,Application Components->Basis Components->Documentation and Translation Tools->F1 Help->SH02(For Further Navigation),SAP->BC->BC-DOC->BC-DOC-HLP->SH02(For Fu,,,
PP30,2,3,3446,10,0.085,0,0,0,0,0.085,T,SAP Room Reservation Management,PE,Room Reservation Management,Application Components->Training and Event Management->Room Reservation Management->PP30(SAP Room Reservation Management),SAP->PE->PE-RPL->PP30(SAP Room Reservati,,,
KS01,1,7,1601,364,0.042,0,0,0.008,0.03465,0.08465,T,Create cost center,CO,Overhead Cost Controlling,Application Components->Controlling->Overhead Cost Controlling->KS01(Create cost center),SAP->CO->CO-OM->KS01(Create cost center),,,
SE30_OLD,1,25,50221,55,0.042,0,0.002,0.001,0.0396,0.0846,T,ABAP Objects Runtime Analysis,BC,Runtime Analysis,Application Components->Basis Components->ABAP Workbench  Java IDE and Infrastructure->Workbench Tools: Editors  Painters  Modelers->Runtime Analysis->SE30_OLD(ABAP Objects Runtime Analysis),SAP->BC->BC-DWB->BC-DWB-TOO->BC-DWB-TOO-,,,
FK02,1,53,23,987030,0.042,0.022,0,0.009,0.0111,0.0841,W,Change Vendor (Accounting),LO,Logistics - General,Application Components->Logistics - General->Logistics Basic Data->Business Partners->Vendor Master->FK02(Change Vendor (Accounting)),LO-MD-BP-VM,,,
fin.ap.paymentproposal.schedule,1,6,15,534428,0.042,0.002,0,0.005,0.03435,0.08335,F,Schedule Payment Proposal,FI,Financial Accounting,Application Components->Financial Accounting->Fiori UI for Financial Accounting->Fiori UI for Accounts Payable->fin.ap.paymentproposal.schedule(Schedule Payment Proposal),FI-FIO-AP,,,
PPMDT,1,46,24,1123983,0.042,0.019,0,0.011,0.0096,0.0816,W,Manager's Desktop,BC,Basis Components,Application Components->Basis Components->Business Management->Organizational Management->Organizational Plan->PPMDT(Manager's Desktop),BC-BMT-OM-OM,,,
FB09,1,5,2792,539,0.042,0,0,0.012,0.02475,0.07875,T,Change Line Items,FI,Financial Accounting,Application Components->Financial Accounting->FB09(Change Line Items),SAP->FI->FB09(Change Line Items),,,
/SCWM/PRDO,1,31,46193,5,0.042,0,0.002,0,0.03465,0.07865,T,Maintain Outbound Delivery Order,SC,Delivery Processing,Application Components->Supply Chain Management->Extended Warehouse Management->Delivery Processing->/SCWM/PRDO(Maintain Outbound Delivery Order),SAP->SCM->SCM-EWM->SCM-EWM-DLP->/SCWM/PR,,,
s2p.mm.pur.rfq.maintains1,1,6,25,889218,0.042,0.002,0,0.009,0.02535,0.07835,F,Manage Request For Quotation,MM,Materials Management,Application Components->Materials Management->Purchasing->RFQ/Quotation->s2p.mm.pur.rfq.maintains1(Manage Request For Quotation),MM-PUR-RFQ,,,
fin.re.convalcps1,1,1,10,758090,0.042,0,0,0.007,0.02805,0.07705,F,Contract Valuation Overview Page,RE,Real Estate Management,Application Components->Real Estate Management->Flexible Real Estate Management->Flexible Real Estate Management->fin.re.convalcps1(Contract Valuation Overview Page),RE-FX-FIO,,,
SD_FPM_OVP_SALESVOLUME,1,42,172,614741,0.042,0.017,0,0.006,0.0114,0.0764,W,Sales Volume - Flexible Analysis,SD,Sales and Distribution,Application Components->Sales and Distribution->Sales Analytics->SD_FPM_OVP_SALESVOLUME(Sales Volume - Flexible Analysis),SD-ANA,,,
BCALV_TEST_GRID_EVENTS,1,1488,158711,184,0.042,0.023,0.007,0.004,0,0.076,R,Program BCALV_TEST_GRID_EVENTS,BC,SAP List Viewer,Application Components->Basis Components->Basis Services / Communication Interfaces->SAP List Viewer->BCALV_TEST_GRID_EVENTS(Program BCALV_TEST_GRID_EVENTS),SAP->BC->BC-SRV->BC-SRV-ALV->BCALV_TEST_,,,
VF05,1,34,17434,224,0.042,0.001,0.001,0.005,0.02475,0.07375,T,List Billing Documents,SD,Basic Functions,Application Components->Sales and Distribution->Sales->Basic Functions->VF05(List Billing Documents),SAP->SD->SD-SLS->SD-SLS-GF->VF05(List Bi,,,
CAT2,1,35,19522,865,0.042,0.001,0.001,0.019,0.01005,0.07305,T,Time Sheet: Maintain Times,CA,Time Sheet,Application Components->Cross-Application Components->Time Sheet->CAT2(Time Sheet: Maintain Times),SAP->CA->CA-TS->CAT2(Time Sheet: Maintai,,,
F-28,1,12,5514,0,0.042,0,0,0,0.02985,0.07185,T,Post Incoming Payments,FI,Financial Accounting,Application Components->Financial Accounting->F-28(Post Incoming Payments),SAP->FI->F-28(Post Incoming Payments),,,
MMPV,1,30,5649,12,0.042,0,0,0,0.02985,0.07185,T,Close Periods,LO,Material Master,Application Components->Logistics - General->Logistics Basic Data->Material Master->MMPV(Close Periods),SAP->LO->LO-MD->LO-MD-MM->MMPV(Close Per,,,
V-11,1,1,1,235,0.042,0,0,0.005,0.02475,0.07175,T,Create carrier,FI,Basic Functions,Application Components->Financial Accounting->Accounts Payable->Basic Functions->V-11(Create carrier),SAP->FI->FI-AP->FI-AP-AP->V-11(Create ca,,,
fin.gl.manualclearing,1,31,28,368697,0.042,0.013,0,0.004,0.01245,0.07145,F,Clear G/L Accounts,FI,Financial Accounting,Application Components->Financial Accounting->Fiori UI for Financial Accounting->Fiori UI for General Ledger Accounting->fin.gl.manualclearing(Clear G/L Accounts),FI-FIO-GL,,,
fin.gl.profitcenter.manage.v2,1,5,35,261051,0.042,0.002,0,0.003,0.0231,0.0701,F,Manage Profit Centers v2,FI,Financial Accounting,Application Components->Financial Accounting->Fiori UI for Financial Accounting->Fiori UI for General Ledger Accounting->fin.gl.profitcenter.manage.v2(Manage Profit Centers v2),FI-FIO-GL,,,
MD04,1,15,17009,1111,0.042,0,0.001,0.025,0,0.068,T,Display Stock/Requirements Situation,PP,Master Data,Application Components->Production Planning and Control->Material Requirements Planning->Master Data->MD04(Display Stock/Requirements Situation),SAP->PP->PP-MRP->PP-MRP-BD->MD04(Display,,,
FSE2,1,20,532,36,0.042,0,0,0.001,0.02475,0.06775,T,Change Financial Statement Version,FI,General Ledger Accounting,Application Components->Financial Accounting->General Ledger Accounting->FSE2(Change Financial Statement Version),SAP->FI->FI-GL->FSE2(Change Financial St,,,
VFX3,1,9,2004,29,0.042,0,0,0.001,0.02475,0.06775,T,List Blocked Billing Documents,SD,Billing,Application Components->Sales and Distribution->Billing->VFX3(List Blocked Billing Documents),SAP->SD->SD-BIL->VFX3(List Blocked Billi,,,
VF23,1,32,24,551348,0.042,0.013,0,0.005,0.0069,0.0669,W,Display Invoice Lists,SD,Sales and Distribution,Application Components->Sales and Distribution->Billing->VF23(Display Invoice Lists),SD-BIL,,,
MMRV,1,6,1864,5,0.042,0,0,0,0.02475,0.06675,T,Allow Posting to Previous Period,LO,Material Master,Application Components->Logistics - General->Logistics Basic Data->Material Master->MMRV(Allow Posting to Previous Period),SAP->LO->LO-MD->LO-MD-MM->MMRV(Allow Pos,,,
EC01,1,1,546,4,0.042,0,0,0,0.02475,0.06675,T,Org.Object Copier: Company Code,CA,Global Organization Customizing,Application Components->Cross-Application Components->Global Organization Customizing->EC01(Org.Object Copier: Company Code),SAP->CA->CA-CUS->EC01(Org.Object Copier:,,,
IQS23,1,2,1691,1079,0.042,0,0,0.024,0,0.066,T,Display Notif. - Simplified View,QM,Quality Notifications,Application Components->Quality Management->Quality Notifications->IQS23(Display Notif. - Simplified View),SAP->QM->QM-QN->IQS23(Display Notif. - S,,,
KCBA,1,1,1786,840,0.042,0,0,0.019,0.00495,0.06595,T,Report class overview,EC,Data Collection,Application Components->Enterprise Controlling->Executive Information System->Data Collection->KCBA(Report class overview),SAP->EC->EC-EIS->EC-EIS-DCM->KCBA(Report,,,
FK01,1,24,15,836615,0.042,0.01,0,0.008,0.0051,0.0651,W,Create Vendor (Accounting),LO,Logistics - General,Application Components->Logistics - General->Logistics Basic Data->Business Partners->Vendor Master->FK01(Create Vendor (Accounting)),LO-MD-BP-VM,,,
BCALV_EDIT_02,1,992,96897,184,0.042,0.015,0.004,0.004,0,0.065,R,Define ready-for-input status at cell le,BC,SAP List Viewer,Application Components->Basis Components->Basis Services / Communication Interfaces->SAP List Viewer->BCALV_EDIT_02(Define ready-for-input status at cell level),SAP->BC->BC-SRV->BC-SRV-ALV->BCALV_EDIT_,,,
fin.gl.journalentry.verification,1,24,275,182322,0.042,0.01,0,0.002,0.0105,0.0645,F,Fiori App - G/L Journal Entry Verificati,FI,Financial Accounting,Application Components->Financial Accounting->Fiori UI for Financial Accounting->Fiori UI for General Ledger Accounting->fin.gl.journalentry.verification(Fiori App - G/L Journal Entry Verificati),FI-FIO-GL,,,
VD03,1,73,27069,230,0.042,0.001,0.001,0.005,0.01515,0.06415,T,Display Customer (Sales),LO,Customer Master,Application Components->Logistics - General->Logistics Basic Data->Business Partners->Customer Master->VD03(Display Customer (Sales)),SAP->LO->LO-MD->LO-MD-BP->LO-MD-BP-CM->V,,,
/IWFND/IWF_ACTIVATE,1,4,2010,77,0.042,0,0,0.002,0.0198,0.0638,T,Activate / Deactivate SAP Gateway,OP,IWF Common Services,Application Components->Occasional Platform User->Information Worker Foundation Framework->IWF Common Services->/IWFND/IWF_ACTIVATE(Activate / Deactivate SAP Gateway),SAP->OPU->OPU-FND->OPU-FND-CS->/IWFND/IW,,,
mdm.cmd.mdq.ruless1,1,2,8,216153,0.042,0.001,0,0.002,0.01785,0.06285,F,Master Data Quality Rule Repository,CA,Cross-Application Components,Application Components->Cross-Application Components->Master Data Governance->Analysis and Remediation of Data Quality->mdm.cmd.mdq.ruless1(Master Data Quality Rule Repository),CA-MDG-ADQ,,,
mdm.cmd.product.objectpages1,1,2,14,202931,0.042,0.001,0,0.002,0.0174,0.0624,F,Product Object Page,LO,Logistics - General,Application Components->Logistics - General->Logistics Basic Data->Material Master->mdm.cmd.product.objectpages1(Product Object Page),LO-MD-MM,,,
XK04,1,24,11,498695,0.042,0.01,0,0.005,0.0051,0.0621,W,Vendor Changes (Centrally),LO,Logistics - General,Application Components->Logistics - General->Logistics Basic Data->Business Partners->Vendor Master->XK04(Vendor Changes (Centrally)),LO-MD-BP-VM,,,
FI02,1,3,810,9,0.042,0,0,0,0.0198,0.0618,T,Change Bank,CA,Bank,Application Components->Cross-Application Components->Bank->FI02(Change Bank),SAP->CA->CA-BK->FI02(Change Bank),,,
MDG_BS_MAT_SEARCH,1,24,51,206702,0.042,0.01,0,0.002,0.0072,0.0612,W,MDG-M: UI, Search,CA,Cross-Application Components,Application Components->Cross-Application Components->Master Data Governance->Applications->MDG Material->MDG_BS_MAT_SEARCH(MDG-M: UI, Search),CA-MDG-APP-MM,
Z_UIPATH_PROCESS_MINING_SD,1,151,292829,184,0.042,0.002,0.013,0.004,0,0.061,R,UiPath Process Mining,CA,Cross-Application Components,Application Components->Cross-Application Components->Z_UIPATH_PROCESS_MINING_SD(UiPath Process Mining),SAP->CA->Z_UIPATH_PROCESS_MINING_SD(UiPa,,,
CAT3,1,5,2280,865,0.042,0,0,0.019,0,0.061,T,Time Sheet: Display Times,CA,Time Sheet,Application Components->Cross-Application Components->Time Sheet->CAT3(Time Sheet: Display Times),SAP->CA->CA-TS->CAT3(Time Sheet: Display,,,
Z_UIPATH_PROCESS_MINING_SD_LEV,1,403,192026,184,0.042,0.006,0.009,0.004,0,0.061,R,UiPath Process Mining,CA,Cross-Application Components,Application Components->Cross-Application Components->Z_UIPATH_PROCESS_MINING_SD_LEV(UiPath Process Mining),SAP->CA->Z_UIPATH_PROCESS_MINING_SD_LEV(,,,
i2d.le.st.delivery.create,1,3,6,160085,0.042,0.001,0,0.002,0.0153,0.0603,F,Create Outbound Deliveries,LE,Logistics Execution,Application Components->Logistics Execution->Shipping->Fiori Apps Shipping->i2d.le.st.delivery.create(Create Outbound Deliveries),LE-SHP-FIO,,,
i2d.pp.plannedorder.manages1,1,3,5,204975,0.042,0.001,0,0.002,0.0153,0.0603,F,Manage Planned Orders,PP,Production Planning and Control,Application Components->Production Planning and Control->Fiori UI for Production Planning and Control->Fiori UI for Production Planning and Control->i2d.pp.plannedorder.manages1(Manage Planned Orders),PP-FIO-MRP,,,
fin.cash.bankmaster.manage,1,3,5,677474,0.042,0.001,0,0.007,0.0096,0.0596,F,Manage Banks,FIN,Financials,Application Components->Financials->Fiori UI for Financials->Fiori UI for Cash and Liquidity Management->fin.cash.bankmaster.manage(Manage Banks),FIN-FIO-CLM,,,
mdm.md.businesspartner.manage,1,1,6,256600,0.042,0,0,0.002,0.0156,0.0596,F,UI for Business Partner Master,LO,Logistics - General,Application Components->Logistics - General->Logistics Basic Data->Business Partners->mdm.md.businesspartner.manage(UI for Business Partner Master),LO-MD-BP,,,
SD_FPM_OVP_INCOMINGSLSORDERS,1,23,37,236024,0.042,0.01,0,0.002,0.0054,0.0594,W,Incoming Sales Orders - Flexible Analysi,SD,Sales and Distribution,Application Components->Sales and Distribution->Sales Analytics->SD_FPM_OVP_INCOMINGSLSORDERS(Incoming Sales Orders - Flexible Analysi),SD-ANA,,,
i2d.pp.materialshortge.details.s1,1,2,3,162807,0.042,0.001,0,0.002,0.01365,0.05865,F,Manage Material Shortages - S4H OP,PP,Production Planning and Control,Application Components->Production Planning and Control->Fiori UI for Production Planning and Control->Fiori UI for Production Planning and Control->i2d.pp.materialshortge.details.s1(Manage Material S,PP-FIO-MRP,,,
XK02,1,22,9,326829,0.042,0.009,0,0.003,0.00465,0.05865,W,Change vendor (centrally),LO,Logistics - General,Application Components->Logistics - General->Logistics Basic Data->Business Partners->Vendor Master->XK02(Change vendor (centrally)),LO-MD-BP-VM,,,
FK03,1,21,12561,235,0.042,0,0.001,0.005,0.01005,0.05805,T,Display Vendor (Accounting),LO,Vendor Master,Application Components->Logistics - General->Logistics Basic Data->Business Partners->Vendor Master->FK03(Display Vendor (Accounting)),SAP->LO->LO-MD->LO-MD-BP->LO-MD-BP-VM->F,,,
MB23,1,4,1765,510,0.042,0,0,0.011,0.00495,0.05795,T,Display Reservation,MM,Inventory Management,Application Components->Materials Management->Inventory Management->MB23(Display Reservation),SAP->MM->MM-IM->MB23(Display Reservation,,,
MMBE,1,8,5979,507,0.042,0,0,0.011,0.00495,0.05795,T,Stock Overview,LO,Material Master,Application Components->Logistics - General->Logistics Basic Data->Material Master->MMBE(Stock Overview),SAP->LO->LO-MD->LO-MD-MM->MMBE(Stock Ove,,,
fin.co.internalorder.manage,1,7,5,122562,0.042,0.003,0,0.001,0.0117,0.0577,F,Manage Internal Orders,CO,Controlling,Application Components->Controlling->Fiori UI for Overhead Cost Controlling->fin.co.internalorder.manage(Manage Internal Orders),CO-FIO,,,
fin.ap.approvebankpayments,1,3,4,114153,0.042,0.001,0,0.001,0.01365,0.05765,F,Approve Bank Payments,FI,Financial Accounting,Application Components->Financial Accounting->Fiori UI for Financial Accounting->Fiori UI for Accounts Payable->fin.ap.approvebankpayments(Approve Bank Payments),FI-FIO-AP,,,
fin.co.productcost.workcenter,1,6,4,120097,0.042,0.002,0,0.001,0.0111,0.0561,F,Cost Analysis By Work Center/Operation,CO,Controlling,Application Components->Controlling->Fiori UI for Overhead Cost Controlling->fin.co.productcost.workcenter(Cost Analysis By Work Center/Operation),CO-FIO,,,
SAPTEXTEDIT_DEMO_1,1,488,47992,184,0.042,0.008,0.002,0.004,0,0.056,R,Demo program for attaching controls to v,BC,SAP GUI for Windows Controls,Application Components->Basis Components->Frontend Services - Use subcomponents (see SAP Note 1322184)->SAP GUI for Windows Controls->SAPTEXTEDIT_DEMO_1(Demo program for attaching controls to various,SAP->BC->BC-FES->BC-FES-CTL->SAPTEXTEDIT,,,
PR05,1,12,7695,639,0.042,0,0,0.014,0,0.056,T,Travel Expense Manager,PE,Travel Expense Manager,Application Components->Training and Event Management->Travel Expense Manager->PR05(Travel Expense Manager),SAP->PE->FI-TV-COS->PR05(Travel Expense,,,
AS01,1,17,18,76117,0.042,0.007,0,0.001,0.00585,0.05585,W,Create Asset Master Record,FI,Financial Accounting,Application Components->Financial Accounting->Asset Accounting->Basic Functions->AS01(Create Asset Master Record),FI-AA-AA,,,
S_ALR_87012277,1,18,17,321339,0.042,0.007,0,0.003,0.00375,0.05575,W,G/L Account Balances,FI,Financial Accounting,Application Components->Financial Accounting->General Ledger Accounting->Information System->S_ALR_87012277(G/L Account Balances),FI-GL-IS,,,
ui.s2p.mm.supplinvoiceacclist,1,7,3,92651,0.042,0.003,0,0.001,0.0096,0.0556,F,Supplier Invoice Items by Account Assign,MM,Materials Management,Application Components->Materials Management->Materials Management->Materials Management->ui.s2p.mm.supplinvoiceacclist(Supplier Invoice Items by Account Assign),MM-FIO-IV,,,
cus.sd.salesorderswithoutcharge.manage,1,8,261,125498,0.042,0.003,0,0.001,0.00945,0.05545,F,Manage Sales Orders Without Charge,SD,Sales and Distribution,Application Components->Sales and Distribution->Sales->cus.sd.salesorderswithoutcharge.manage(Manage Sales Orders Without Charge),SD-SLS,,,
fin.aa.master.worklist,1,6,3,86989,0.042,0.002,0,0.001,0.01035,0.05535,F,Fiori App - Asset Accounting Master Work,FI,Financial Accounting,Application Components->Financial Accounting->Fiori UI for Financial Accounting->Fiori UI for Asset Accounting->fin.aa.master.worklist(Fiori App - Asset Accounting Master Work),FI-FIO-AA,,,
ME2N,1,7,3213,378,0.042,0,0,0.008,0.00495,0.05495,T,Purchase Orders by PO Number,MM,Purchasing,Application Components->Materials Management->Purchasing->ME2N(Purchase Orders by PO Number),SAP->MM->MM-PUR->ME2N(Purchase Orders by,,,
i2d.pp.prdorderissue.details.s1,1,4,9,138645,0.042,0.002,0,0.001,0.00945,0.05445,F,Manage Production Orders - S4H OP,PP,Production Planning and Control,Application Components->Production Planning and Control->Fiori UI for Production Planning and Control->Fiori UI for Production Planning and Control->i2d.pp.prdorderissue.details.s1(Manage Production O,PP-FIO-MRP,,,
MDGF_OVP_GEN,1,16,22,149033,0.042,0.007,0,0.001,0.00435,0.05435,W,MDG-F Application,CA,Cross-Application Components,Application Components->Cross-Application Components->Master Data Governance->Applications->MDG for Financials->MDGF_OVP_GEN(MDG-F Application),CA-MDG-APP-FIN,,,
OV51,1,15,11,319292,0.042,0.006,0,0.003,0.00315,0.05415,W,Display of Changes for Customer,SD,Sales and Distribution,Application Components->Sales and Distribution->Master Data->Material Maintenance->OV51(Display of Changes for Customer),SD-MD-MM,,,
FK03,1,14,7,319064,0.042,0.006,0,0.003,0.003,0.054,W,Display Vendor (Accounting),LO,Logistics - General,Application Components->Logistics - General->Logistics Basic Data->Business Partners->Vendor Master->FK03(Display Vendor (Accounting)),LO-MD-BP-VM,,,
MB25,1,1,1639,336,0.042,0,0,0.007,0.00495,0.05395,T,Reservation List,MM,Inventory Management,Application Components->Materials Management->Inventory Management->MB25(Reservation List),SAP->MM->MM-IM->MB25(Reservation List),,,
fin.ap.processflow,1,1,3,138974,0.042,0,0,0.001,0.01065,0.05365,F,Fiori App - Display Process Flow AP,FI,Financial Accounting,Application Components->Financial Accounting->Fiori UI for Financial Accounting->Fiori UI for Accounts Payable->fin.ap.processflow(Fiori App - Display Process Flow AP),FI-FIO-AP,,,
i2d.pp.uncoveredpro.monitor.s1,1,5,6,173087,0.042,0.002,0,0.002,0.0075,0.0535,F,Monitor Uncovered Production Orders - S4,PP,Production Planning and Control,Application Components->Production Planning and Control->Fiori UI for Production Planning and Control->Fiori UI for Production Planning and Control->i2d.pp.uncoveredpro.monitor.s1(Monitor Uncovered Pr,PP-FIO-MRP,,,
AS03,1,14,11,165357,0.042,0.006,0,0.002,0.0033,0.0533,W,Display Asset Master Record,FI,Financial Accounting,Application Components->Financial Accounting->Asset Accounting->Basic Functions->AS03(Display Asset Master Record),FI-AA-AA,,,
ehs.moc.manchgreqs1,1,2,5,80893,0.042,0.001,0,0.001,0.0093,0.0533,F,Manage Change Requests ????????? MOC,CA,Cross-Application Components,Application Components->Cross-Application Components->Issue & Activity Management->SAP Management of Change->ehs.moc.manchgreqs1(Manage Change Requests ????????? MOC),CA-IAM-MOC,,,
FSP0,1,13,11,262627,0.042,0.005,0,0.003,0.0027,0.0527,W,G/L acct master record in chrt/accts,FI,Financial Accounting,Application Components->Financial Accounting->General Ledger Accounting->Basic Functions->FSP0(G/L acct master record in chrt/accts),FI-GL-GL,,,
mdm.cmd.product.maintain,1,2,5,386976,0.042,0.001,0,0.004,0.0051,0.0521,F,UI for Product Master,LO,Logistics - General,Application Components->Logistics - General->Logistics Basic Data->Material Master->mdm.cmd.product.maintain(UI for Product Master),LO-MD-MM,,,
MK03,1,2,2139,235,0.042,0,0,0.005,0.00495,0.05195,T,Display vendor (Purchasing),LO,Vendor Master,Application Components->Logistics - General->Logistics Basic Data->Business Partners->Vendor Master->MK03(Display vendor (Purchasing)),SAP->LO->LO-MD->LO-MD-BP->LO-MD-BP-VM->M,,,
FD03,1,13,9602,230,0.042,0,0,0.005,0.00495,0.05195,T,Display Customer (Accounting),LO,Customer Master,Application Components->Logistics - General->Logistics Basic Data->Business Partners->Customer Master->FD03(Display Customer (Accounting)),SAP->LO->LO-MD->LO-MD-BP->LO-MD-BP-CM->F,,,
ui.s2p.mm.supplinvoice.manage.s1,1,1,4,99502,0.042,0,0,0.001,0.00885,0.05185,F,Manage Supplier Invoices,MM,Materials Management,Application Components->Materials Management->Materials Management->Materials Management->ui.s2p.mm.supplinvoice.manage.s1(Manage Supplier Invoices),MM-FIO-IV,,,
i2d.pp.plannedorder.converts1,1,1,3,115539,0.042,0,0,0.001,0.00885,0.05185,F,Convert Planned Orders,PP,Production Planning and Control,Application Components->Production Planning and Control->Fiori UI for Production Planning and Control->Fiori UI for Production Planning and Control->i2d.pp.plannedorder.converts1(Convert Planned Order,PP-FIO-MRP,,,
fin.co.accountingimpact.display,1,4,126,123350,0.042,0.002,0,0.001,0.00675,0.05175,F,Fiori application - Display Accounting I,CO,Controlling,Application Components->Controlling->Fiori UI for Overhead Cost Controlling->fin.co.accountingimpact.display(Fiori application - Display Accounting I),CO-FIO,,,
searchPersonalizedSearch,1,1,3,85866,0.042,0,0,0.001,0.0084,0.0514,F,Configure Personalized Search,CA,Cross-Application Components,Application Components->Cross-Application Components->General Application Functions->HANA Search for Business Suite->searchPersonalizedSearch(Configure Personalized Search),CA-GTF-HSB,,,
FAGLB03,1,11,9,198943,0.042,0.005,0,0.002,0.00225,0.05125,W,Display Balances,FI,Financial Accounting,Application Components->Financial Accounting->General Ledger Accounting->FAGLB03(Display Balances),FI-GL,,,
ui.s2p.mm.poitemacc.monitors1,1,3,4,86227,0.042,0.001,0,0.001,0.0072,0.0512,F,Monitor Purchase Order Items by Account,MM,Materials Management,Application Components->Materials Management->Purchasing->Purchase Orders->ui.s2p.mm.poitemacc.monitors1(Monitor Purchase Order Items by Account),MM-PUR-PO,,,
/IWFND/MAINT_SERVICE,1,104,34878,205,0.042,0.002,0.002,0.005,0,0.051,T,Activate and Maintain Services,OP,Gateway Framework,Application Components->Occasional Platform User->OPU-GW (Gateway)->Gateway Framework->/IWFND/MAINT_SERVICE(Activate and Maintain Services),SAP->OPU->OPU-GW->OPU-GW-COR->/IWFND/MAI,,,
ZJUNK1,1,252,13928,184,0.042,0.004,0.001,0.004,0,0.051,R,Test,CA,Cross-Application Components,Application Components->Cross-Application Components->ZJUNK1(Test),SAP->CA->ZJUNK1(Test),,,
SQVI,1,1,1267,176,0.042,0,0,0.004,0.00495,0.05095,T,QuickViewer,BC,SAP Query,Application Components->Basis Components->Basis Services / Communication Interfaces->SAP Query->SQVI(QuickViewer),SAP->BC->BC-SRV->BC-SRV-QUE->SQVI(QuickV,,,
mdm.mdg.mdproc.bupa.ovps1,1,4,10,81527,0.042,0.002,0,0.001,0.00585,0.05085,F,Master Data Process Overview for Busines,CA,Cross-Application Components,Application Components->Cross-Application Components->Master Data Governance->Analysis and Remediation of Data Quality->mdm.mdg.mdproc.bupa.ovps1(Master Data Process Overview for Busines),CA-MDG-ADQ,,,
MDG_BS_FILE_IMPORT,1,9,19,73198,0.042,0.004,0,0.001,0.00315,0.05015,W,Import Master Data and Mapping Informati,CA,Cross-Application Components,Application Components->Cross-Application Components->Master Data Governance->Mass Load->MDG_BS_FILE_IMPORT(Import Master Data and Mapping Informati),CA-MDG-ML,,,
BP,1,9,9,235611,0.042,0.004,0,0.002,0.0021,0.0501,W,Maintain Business Partner,AP,Application Platform,Application Components->Application Platform->Master Data->SAP Business Partner->Dialog SAP-GUI->BP(Maintain Business Partner),AP-MD-BP-UI,,,
cus.sd.salesquotations.manage,1,6,14,67453,0.042,0.002,0,0.001,0.0051,0.0501,F,cus.sd.salesquotations.manage,SD,Sales and Distribution,Application Components->Sales and Distribution->Sales->cus.sd.salesquotations.manage(cus.sd.salesquotations.manage),SD-SLS,,,
SLIN,1,3,3139,149,0.042,0,0,0.003,0.00495,0.04995,T,ABAP Extended Program Check,BC,Extended Program Check (SLIN),Application Components->Basis Components->ABAP Runtime Environment - ABAP Language Issues Only->ABAP Syntax  Compiler  Runtime->Extended Program Check (SLIN)->SLIN(ABAP Extended Program Check),SAP->BC->BC-ABA->BC-ABA-LA->BC-ABA-LA-EP,,,
ME2M,1,74,3219,103,0.042,0.001,0,0.002,0.00495,0.04995,T,Purchase Orders by Material,MM,Purchasing,Application Components->Materials Management->Purchasing->ME2M(Purchase Orders by Material),SAP->MM->MM-PUR->ME2M(Purchase Orders by,,,
SM59,1,10,5090,145,0.042,0,0,0.003,0.00495,0.04995,T,RFC Destinations (Display/Edit),BC,RFC,Application Components->Basis Components->Middleware->RFC->SM59(RFC Destinations (Display/Edit)),SAP->BC->BC-MID->BC-MID-RFC->SM59(RFC De,,,
XK01,1,8,5,267036,0.042,0.003,0,0.003,0.00165,0.04965,W,Create Vendor (Centrally),LO,Logistics - General,Application Components->Logistics - General->Logistics Basic Data->Business Partners->Vendor Master->XK01(Create Vendor (Centrally)),LO-MD-BP-VM,,,
mdm.cmd.cmpexportfiles1,1,4,4,222229,0.042,0.002,0,0.002,0.003,0.049,F,MD CMP Export Master Data into file,CA,Cross-Application Components,Application Components->Cross-Application Components->Master Data Governance->Consolidation & Mass Processing->Consolidation & Mass Processing->mdm.cmd.cmpexportfiles1(MD CMP Export Master Data into f,CA-MDG-CMP-FIO,,,
ssuite.smartbusiness.tile.s1,1,1,7,152997,0.042,0,0,0.001,0.00585,0.04885,F,Smart Business - Configure Tiles,CA,Cross-Application Components,Application Components->Cross-Application Components->General Application Functions->General Application Functions->General Application Functions->General Application Functions->ssuite.smartbusiness.t,CA-GTF-SB-S4H-DT,,,
fin.ar.manager.ovp,1,1,4,59816,0.042,0,0,0.001,0.0057,0.0487,F,Accounts Receivable Overview page,FI,Financial Accounting,Application Components->Financial Accounting->Fiori UI for Financial Accounting->Fiori UI  for Accounts Receivable->fin.ar.manager.ovp(Accounts Receivable Overview page),FI-FIO-AR,,,
fin.ap.lineitems.display,1,5,4,105145,0.042,0.002,0,0.001,0.0033,0.0483,F,Fiori App - Display Vendor Line Items -,FI,Financial Accounting,Application Components->Financial Accounting->Fiori UI for Financial Accounting->Fiori UI for Accounts Payable->fin.ap.lineitems.display(Fiori App - Display Vendor Line Items -),FI-FIO-AP,,,
mdm.cmd.mdq.product.general.alps1,1,2,4,77825,0.042,0.001,0,0.001,0.0042,0.0482,F,MDQ Rule Evaluation Result for Product G,CA,Cross-Application Components,Application Components->Cross-Application Components->Master Data Governance->Analysis and Remediation of Data Quality->mdm.cmd.mdq.product.general.alps1(MDQ Rule Evaluation Result for Product G),CA-MDG-ADQ,,,
USMD_MASS_CHANGE,1,8,24,692,0.042,0.003,0,0,0.00315,0.04815,W,Mass Change,CA,Cross-Application Components,Application Components->Cross-Application Components->Master Data Governance->Application Framework->USMD_MASS_CHANGE(Mass Change),CA-MDG-AF,,,
fin.ap.paymentmedia.manage,1,3,3,51184,0.042,0.001,0,0,0.0051,0.0481,F,Payment Media Manage,FI,Financial Accounting,Application Components->Financial Accounting->Fiori UI for Financial Accounting->Fiori UI for Accounts Payable->fin.ap.paymentmedia.manage(Payment Media Manage),FI-FIO-AP,,,
/IWFND/ROUTING,1,50,11090,172,0.042,0.001,0.001,0.004,0,0.048,T,SAP Gateway Routing Configuration,OP,Gateway Framework,Application Components->Occasional Platform User->OPU-GW (Gateway)->Gateway Framework->/IWFND/ROUTING(SAP Gateway Routing Configuration),SAP->OPU->OPU-GW->OPU-GW-COR->/IWFND/ROU,,,
RS_TESTFRAME_CALL,1,18,49016,184,0.042,0,0.002,0.004,0,0.048,R,Call test environment,BC,Function Builder,Application Components->Basis Components->ABAP Workbench  Java IDE and Infrastructure->Workbench Tools: Editors  Painters  Modelers->Function Builder->RS_TESTFRAME_CALL(Call test environment),SAP->BC->BC-DWB->BC-DWB-TOO->BC-DWB-TOO-,,,
/1BCDWB/DBDF14L,1,73,11568,184,0.042,0.001,0.001,0.004,0,0.048,R,,CA,Cross-Application Components,Application Components->Cross-Application Components->/1BCDWB/DBDF14L(),SAP->CA->/1BCDWB/DBDF14L(),,,
BCALV_TEST_HIERSEQ_LIST,1,41,16097,184,0.042,0.001,0.001,0.004,0,0.048,R,Program BCALV_TEST_HIERSEQ_LIST,BC,SAP List Viewer,Application Components->Basis Components->Basis Services / Communication Interfaces->SAP List Viewer->BCALV_TEST_HIERSEQ_LIST(Program BCALV_TEST_HIERSEQ_LIST),SAP->BC->BC-SRV->BC-SRV-ALV->BCALV_TEST_,,,
KBH3,1,8,5,104529,0.042,0.003,0,0.001,0.00195,0.04795,W,Display statistical key figure group,CO,Controlling,Application Components->Controlling->Overhead Cost Controlling->KBH3(Display statistical key figure group),CO-OM,,,
MKVZ,1,9,10613,24,0.042,0,0,0.001,0.00495,0.04795,T,List of Suppliers: Purchasing,MM,Purchasing,Application Components->Materials Management->Purchasing->MKVZ(List of Suppliers: Purchasing),SAP->MM->MM-PUR->MKVZ(List of Suppliers:,,,
fin.ar.downpayment.request.manage,1,1,3,252244,0.042,0,0,0.002,0.00375,0.04775,F,Fiori App - Manage Down Payment Requests,FI,Financial Accounting,Application Components->Financial Accounting->Fiori UI for Financial Accounting->Fiori UI  for Accounts Receivable->fin.ar.downpayment.request.manage(Fiori App - Manage Down Payment Requests),FI-FIO-AR,,,
mdm.cmd.cmpimportfiles1,1,3,1,32887,0.042,0.001,0,0,0.00465,0.04765,F,MD CMP Import Master Data from file,CA,Cross-Application Components,Application Components->Cross-Application Components->Master Data Governance->Consolidation & Mass Processing->Consolidation & Mass Processing->mdm.cmd.cmpimportfiles1(MD CMP Import Master Data from f,CA-MDG-CMP-FIO,,,
CRMD_TRANS_OM,1,8,6,140838,0.042,0.003,0,0.001,0.00165,0.04765,W,Translate Short Text for Org Units,CRM,Customer Relationship Management,Application Components->Customer Relationship Management->Master Data->Organizational Management->CRMD_TRANS_OM(Translate Short Text for Org Units),CRM-MD-ORG,,,
F-43,1,8,3,144462,0.042,0.003,0,0.001,0.00165,0.04765,W,Enter Vendor Invoice,FI,Financial Accounting,Application Components->Financial Accounting->F-43(Enter Vendor Invoice),FI,,,
MK02,1,7,3,117725,0.042,0.003,0,0.001,0.0015,0.0475,W,Change vendor (Purchasing),LO,Logistics - General,Application Components->Logistics - General->Logistics Basic Data->Business Partners->Vendor Master->MK02(Change vendor (Purchasing)),LO-MD-BP-VM,,,
FB50,1,5,3,201326,0.042,0.002,0,0.002,0.00105,0.04705,W,G/L Acct Pstg: Single Screen Trans.,FI,Financial Accounting,Application Components->Financial Accounting->FB50(G/L Acct Pstg: Single Screen Trans.),FI,,,
fin.cons.vecie,1,1,2,64969,0.042,0,0,0.001,0.00405,0.04705,F,Validation Export/Import,FIN,Financials,Application Components->Financials->S4HANA Financial Consolidation[Cloud]->fin.cons.vecie(Validation Export/Import),FIN-CS,,,
ZJUNK77,1,5,21690,184,0.042,0,0.001,0.004,0,0.047,R,Test Download Of Manifest Table,CA,Cross-Application Components,Application Components->Cross-Application Components->ZJUNK77(Test Download Of Manifest Table),SAP->CA->ZJUNK77(Test Download Of Manife,,,
VD05,1,1,826,230,0.042,0,0,0.005,0,0.047,T,Block customer (sales),LO,Customer Master,Application Components->Logistics - General->Logistics Basic Data->Business Partners->Customer Master->VD05(Block customer (sales)),SAP->LO->LO-MD->LO-MD-BP->LO-MD-BP-CM->V,,,
SAPTLIST_TREE_CONTROL_DEMO_HDR,1,63,6058,184,0.042,0.001,0,0.004,0,0.047,R,Example: List Tree Control with Header (,BC,Workbench Utilities,Application Components->Basis Components->ABAP Workbench  Java IDE and Infrastructure->Workbench Utilities->SAPTLIST_TREE_CONTROL_DEMO_HDR(Example: List Tree Control with Header (with Documentation)),SAP->BC->BC-DWB->BC-DWB-UTL->SAPTLIST_TR,,,
OBVU,1,9,320,0,0.042,0,0,0,0.00495,0.04695,T,C FI Maintain View,FI,Basic Functions,Application Components->Financial Accounting->Accounts Receivable->Basic Functions->OBVU(C FI Maintain View),SAP->FI->FI-AR->FI-AR-AR->OBVU(C FI Main,,,
MM60,1,26,5298,10,0.042,0,0,0,0.00495,0.04695,T,Materials List,LO,Material Master,Application Components->Logistics - General->Logistics Basic Data->Material Master->MM60(Materials List),SAP->LO->LO-MD->LO-MD-MM->MM60(Materials,,,
F.20,1,7,2453,5,0.042,0,0,0,0.00495,0.04695,T,A/R: Account List,FI,Financial Accounting,Application Components->Financial Accounting->F.20(A/R: Account List),SAP->FI->F.20(A/R: Account List),,,
FI03,1,5,466,9,0.042,0,0,0,0.00495,0.04695,T,Display Bank,CA,Bank,Application Components->Cross-Application Components->Bank->FI03(Display Bank),SAP->CA->CA-BK->FI03(Display Bank),,,
SLG1,1,5,2065,4,0.042,0,0,0,0.00495,0.04695,T,Application Log: Display Logs,BC,Basis Application Log,Application Components->Basis Components->Basis Services / Communication Interfaces->Basis Application Log->SLG1(Application Log: Display Logs),SAP->BC->BC-SRV->BC-SRV-BAL->SLG1(Applic,,,
VA05,1,6,12,59551,0.042,0.002,0,0.001,0.00195,0.04695,W,List of Sales Orders,SD,Sales and Distribution,Application Components->Sales and Distribution->Sales->Basic Functions->VA05(List of Sales Orders),SD-SLS-GF,,,
ssuite.smartbusiness.tiles.comparison,1,2,2,11564,0.042,0.001,0,0,0.00375,0.04675,F,FIORI LANDING PAGE,FIO,UI5,Application Components->General Application Functions->ssuite.smartbusiness.tiles.comparison(FIORI LANDING PAGE),FIO,,,
AS02,1,6,4,58203,0.042,0.002,0,0.001,0.00165,0.04665,W,Change Asset Master Record,FI,Financial Accounting,Application Components->Financial Accounting->Asset Accounting->Basic Functions->AS02(Change Asset Master Record),FI-AA-AA,,,
fin.ar.customerinvoicelist,1,1,3,73296,0.042,0,0,0.001,0.0036,0.0466,F,Process Receivables,FIN,Financials,Application Components->Financials->Fiori UI for Financials->Fiori-UI for SAP Collections Management, SAP Credit Managem.->fin.ar.customerinvoicelist(Process Receivables),FIN-FIO-CCD,,
mdm.cmd.mdq.wrklst.products1,1,3,3,47907,0.042,0.001,0,0,0.0036,0.0466,F,Master Data Quality Worklist for Product,CA,Cross-Application Components,Application Components->Cross-Application Components->Master Data Governance->Analysis and Remediation of Data Quality->mdm.cmd.mdq.wrklst.products1(Master Data Quality Worklist for Product),CA-MDG-ADQ,,,
FSEPA_M2,1,6,3,62078,0.042,0.002,0,0.001,0.0015,0.0465,W,SEPA: Change Mandate,CA,Cross-Application Components,Application Components->Cross-Application Components->Bank->FSEPA_M2(SEPA: Change Mandate),CA-BK,,,
cus.sd.customerreturns.manage.wl,1,1,3,47970,0.042,0,0,0,0.00435,0.04635,F,Manage Customer Returns WL,SD,Sales and Distribution,Application Components->Sales and Distribution->Sales->Customer Returns->cus.sd.customerreturns.manage.wl(Manage Customer Returns WL),SD-SLS-RE,,,
MDG_BS_DL_MONITOR_CONF,1,6,14,692,0.042,0.002,0,0,0.00225,0.04625,W,Data Load Monitor,CA,Cross-Application Components,Application Components->Cross-Application Components->Master Data Governance->Mass Load->MDG_BS_DL_MONITOR_CONF(Data Load Monitor),CA-MDG-ML,,,
MD12,1,5,16,68154,0.042,0.002,0,0.001,0.0012,0.0462,W,Change Planned Order,PP,Production Planning and Control,Application Components->Production Planning and Control->Material Requirements Planning->Master Data->MD12(Change Planned Order),PP-MRP-BD,,,
io.bpm.sworkfloweditor,1,4,3,23334,0.042,0.002,0,0,0.0021,0.0461,F,sWorkflowEditor,BC,Basis Components,Application Components->Basis Components->Business Management->SAP Business Workflow->Definition Time->io.bpm.sworkfloweditor(sWorkflowEditor),BC-BMT-WFM-DEF,,,
i2d.pp.changerequest.details.s1,1,1,1,48910,0.042,0,0,0,0.00405,0.04605,F,Manage Change Requests - S4H OP,PP,Production Planning and Control,Application Components->Production Planning and Control->Fiori UI for Production Planning and Control->Fiori UI for Production Planning and Control->i2d.pp.changerequest.details.s1(Manage Change Reque,PP-FIO-MRP,,,
MM17,1,4,3,52619,0.042,0.002,0,0.001,0.00105,0.04605,W,Mass Maintenance: Indus. Matl Master,LO,Logistics - General,Application Components->Logistics - General->Logistics Basic Data->Material Master->MM17(Mass Maintenance: Indus. Matl Master),LO-MD-MM,,,
FCLOCO,1,5,6,124516,0.042,0.002,0,0.001,0.00105,0.04605,W,Fin. Closing cockpit–Execution–List,CA,Cross-Application Components,Application Components->Cross-Application Components->General Application Functions->Financial Closing cockpit Add-on->FCLOCO(Fin. Closing cockpit–Execution–List),CA-GTF-FCC,,,
FAA_CMP,1,4,3,66779,0.042,0.002,0,0.001,0.00105,0.04605,W,Make Company Code Settings,FI,Financial Accounting,Application Components->Financial Accounting->Asset Accounting->Basic Functions->FAA_CMP(Make Company Code Settings),FI-AA-AA,,,
/1BCDWB/DBKNA1,1,1,1,184,0.042,0,0,0.004,0,0.046,R,,CA,Cross-Application Components,Application Components->Cross-Application Components->/1BCDWB/DBKNA1(),SAP->CA->/1BCDWB/DBKNA1(),,,
/UIPATH/START_CIM_PROGRAM,1,1,167,184,0.042,0,0,0.004,0,0.046,R,UiPath CIM Start Program,CA,Cross-Application Components,Application Components->Cross-Application Components->/UIPATH/START_CIM_PROGRAM(UiPath CIM Start Program),SAP->CA->/UIPATH/START_CIM_PROGRAM(UiPat,,,
BCALV_GRID_DEMO,1,1,1,184,0.042,0,0,0.004,0,0.046,R,Simple ALV Control Call Demo Program,BC,SAP List Viewer,Application Components->Basis Components->Basis Services / Communication Interfaces->SAP List Viewer->BCALV_GRID_DEMO(Simple ALV Control Call Demo Program),SAP->BC->BC-SRV->BC-SRV-ALV->BCALV_GRID_,,,
R_ST05_TRACE_FILTER,1,3,5,184,0.042,0,0,0.004,0,0.046,R,ST05 Filter Conditions for Trace Records,BC,Transaction ST05,Application Components->Basis Components->Test Workbench->Use Subcomponents (See SAP Note 1156876)->Performance Test Tools->Transaction ST05->R_ST05_TRACE_FILTER(ST05 Filter Conditions for Trace Recor,SAP->BC->BC-TWB->BC-TWB-TST->BC-TWB-TST-,,,
O2_WAPP_DISPLAY_VERSION,1,1,632,184,0.042,0,0,0.004,0,0.046,R,02: Program to Display Version,BC,Web Application Builder,Application Components->Basis Components->ABAP Workbench  Java IDE and Infrastructure->Workbench Tools: Editors  Painters  Modelers->Web Application Builder->O2_WAPP_DISPLAY_VERSION(02: Program to Dis,SAP->BC->BC-DWB->BC-DWB-TOO->BC-DWB-TOO-,,,
/1BCDWB/DBMARA,1,1,1,184,0.042,0,0,0.004,0,0.046,R,,CA,Cross-Application Components,Application Components->Cross-Application Components->/1BCDWB/DBMARA(),SAP->CA->/1BCDWB/DBMARA(),,,
RFPUEB00,1,1,1,184,0.042,0,0,0.004,0,0.046,R,List of Parked Documents,FI,Financial Accounting,Application Components->Financial Accounting->RFPUEB00(List of Parked Documents),SAP->FI->RFPUEB00(List of Parked Documen,,,
/1BCDWB/DBTRDIR,1,1,16,184,0.042,0,0,0.004,0,0.046,R,,CA,Cross-Application Components,Application Components->Cross-Application Components->/1BCDWB/DBTRDIR(),SAP->CA->/1BCDWB/DBTRDIR(),,,
/1BCDWB/DBWDY_APPLICATION,1,1,2,184,0.042,0,0,0.004,0,0.046,R,,CA,Cross-Application Components,Application Components->Cross-Application Components->/1BCDWB/DBWDY_APPLICATION(),SAP->CA->/1BCDWB/DBWDY_APPLICATION(),,,
SWIA,1,51,9728,131,0.042,0.001,0,0.003,0,0.046,T,Administration Work Items,BC,SAP Business Workflow,Application Components->Basis Components->Business Management->SAP Business Workflow->SWIA(Administration Work Items),SAP->BC->BC-BMT->BC-BMT-WFM->SWIA(Admini,,,
/1BCDWB/DBWDY_CONF_APPLU,1,1,1,184,0.042,0,0,0.004,0,0.046,R,,CA,Cross-Application Components,Application Components->Cross-Application Components->/1BCDWB/DBWDY_CONF_APPLU(),SAP->CA->/1BCDWB/DBWDY_CONF_APPLU(),,,
/IWFND/SUTIL_GW_CLIENT_SELECT,1,1,623,184,0.042,0,0,0.004,0,0.046,R,SAP Gateway Client - Select from DB,OP,IWF Common Services,Application Components->Occasional Platform User->Information Worker Foundation Framework->IWF Common Services->/IWFND/SUTIL_GW_CLIENT_SELECT(SAP Gateway Client - Select from DB),SAP->OPU->OPU-FND->OPU-FND-CS->/IWFND/SU,,,
/1BCDWB/DBVBAK,1,3,2,184,0.042,0,0,0.004,0,0.046,R,,CA,Cross-Application Components,Application Components->Cross-Application Components->/1BCDWB/DBVBAK(),SAP->CA->/1BCDWB/DBVBAK(),,,
SAP_CONTROL_TEST,1,4,550,184,0.042,0,0,0.004,0,0.046,R,Example: Simple Tree Control (with Docum,BC,SAP GUI for Windows Controls,Application Components->Basis Components->Frontend Services - Use subcomponents (see SAP Note 1322184)->SAP GUI for Windows Controls->SAP_CONTROL_TEST(Example: Simple Tree Control (with Documentation),SAP->BC->BC-FES->BC-FES-CTL->SAP_CONTROL,,,
SAPSIMPLE_TREE_MODEL_DEMO,1,6,734,184,0.042,0,0,0.004,0,0.046,R,Example: Simple Tree Model (with Documen,BC,Workbench Utilities,Application Components->Basis Components->ABAP Workbench  Java IDE and Infrastructure->Workbench Utilities->SAPSIMPLE_TREE_MODEL_DEMO(Example: Simple Tree Model (with Documentation)),SAP->BC->BC-DWB->BC-DWB-UTL->SAPSIMPLE_T,,,
SALV_DEMO_TREE_SIMPLE,1,7,2244,184,0.042,0,0,0.004,0,0.046,R,Demonstration Program for ALV OM Tree,BC,SAP List Viewer,Application Components->Basis Components->Basis Services / Communication Interfaces->SAP List Viewer->SALV_DEMO_TREE_SIMPLE(Demonstration Program for ALV OM Tree),SAP->BC->BC-SRV->BC-SRV-ALV->SALV_DEMO_T,,,
Z_HEATMAP_V2,1,5,6120,184,0.042,0,0,0.004,0,0.046,R,Heat Map,CA,Cross-Application Components,Application Components->Cross-Application Components->Z_HEATMAP_V2(Heat Map),SAP->CA->Z_HEATMAP_V2(Heat Map),,,
BCALV_TREE_SIMPLE_DEMO,1,13,6331,184,0.042,0,0,0.004,0,0.046,R,Program BCALV_TREE_SIMPLE_DEMO,BC,SAP List Viewer,Application Components->Basis Components->Basis Services / Communication Interfaces->SAP List Viewer->BCALV_TREE_SIMPLE_DEMO(Program BCALV_TREE_SIMPLE_DEMO),SAP->BC->BC-SRV->BC-SRV-ALV->BCALV_TREE_,,,
/1BCDWB/DBO2PAGCON,1,23,3618,184,0.042,0,0,0.004,0,0.046,R,,CA,Cross-Application Components,Application Components->Cross-Application Components->/1BCDWB/DBO2PAGCON(),SAP->CA->/1BCDWB/DBO2PAGCON(),,,
SAPTLIST_TREE_CONTROL_DEMO,1,22,2771,184,0.042,0,0,0.004,0,0.046,R,Example: List Tree Control (with Documen,BC,Workbench Utilities,Application Components->Basis Components->ABAP Workbench  Java IDE and Infrastructure->Workbench Utilities->SAPTLIST_TREE_CONTROL_DEMO(Example: List Tree Control (with Documentation)),SAP->BC->BC-DWB->BC-DWB-UTL->SAPTLIST_TR,,,
WB_MNGR_START_FROM_TOOL_ACCESS,1,1,1,184,0.042,0,0,0.004,0,0.046,R,Program WB_MNGR_START_FROM_TOOL_ACCESS,BC,Repository Browser,Application Components->Basis Components->ABAP Workbench  Java IDE and Infrastructure->Workbench Utilities->Repository Browser->WB_MNGR_START_FROM_TOOL_ACCESS(Program WB_MNGR_START_FROM_TOOL_ACCESS),SAP->BC->BC-DWB->BC-DWB-UTL->BC-DWB-UTL-,,,
USMD_CREQUEST_CREATE,1,6,10,16003,0.042,0.002,0,0,0.00195,0.04595,W,Creation of a Change Request,CA,Cross-Application Components,Application Components->Cross-Application Components->Master Data Governance->Application Framework->USMD_CREQUEST_CREATE(Creation of a Change Request),CA-MDG-AF,,,
MM02,1,4,2,74555,0.042,0.002,0,0.001,0.0009,0.0459,W,Change Material &,LO,Logistics - General,Application Components->Logistics - General->Logistics Basic Data->Material Master->MM02(Change Material &),LO-MD-MM,,,
VA23,1,4,3,0,0.042,0.002,0,0,0.00165,0.04565,W,Display Quotations,SD,Sales and Distribution,Application Components->Sales and Distribution->Sales->VA23(Display Quotations),SD-SLS,,,
fin.ar.correspondence.create.v2,1,3,3,33739,0.042,0.001,0,0,0.00255,0.04555,F,Create Financial Correspondence,FI,Financial Accounting,Application Components->Financial Accounting->Fiori UI for Financial Accounting->Fiori UI  for Accounts Receivable->fin.ar.correspondence.create.v2(Create Financial Correspondence),FI-FIO-AR,,,
APB_LAUNCHPAD,1,4,5,1117,0.042,0.002,0,0,0.0015,0.0455,W,Launchpad,BC,Basis Components,Application Components->Basis Components->Musing Tools->ABAP Report Launchpad based Navigation->APB_LAUNCHPAD(Launchpad),BC-MUS-LP,,,
cross.fnd.fiori.inbox,1,1,2,24105,0.042,0,0,0,0.0033,0.0453,F,My Inbox,CA,Cross-Application Components,Application Components->Cross-Application Components->Cross-Application Components->Cross-Application Components->cross.fnd.fiori.inbox(My Inbox),CA-INB-FIO,,,
fin.ar.bankstatements.manage,1,1,1,33047,0.042,0,0,0,0.0033,0.0453,F,Fiori App - Manage Bank Statements - BSP,FI,Financial Accounting,Application Components->Financial Accounting->Fiori UI for Financial Accounting->Fiori UI  for Accounts Receivable->fin.ar.bankstatements.manage(Fiori App - Manage Bank Statements - BSP),FI-FIO-AR,,,
mdm.cmd.mdq.ruleminings1,1,1,5,37037,0.042,0,0,0,0.0033,0.0453,F,MD Quality Manage Rule Mining Runs,CA,Cross-Application Components,Application Components->Cross-Application Components->Master Data Governance->Analysis and Remediation of Data Quality->mdm.cmd.mdq.ruleminings1(MD Quality Manage Rule Mining Runs),CA-MDG-ADQ,,,
cus.sd.schedgagrmtediprocessingoption.ma,1,2,2,23258,0.042,0.001,0,0,0.00225,0.04525,F,Manage Delivery Schedule Processing,SD,Sales and Distribution,Application Components->Sales and Distribution->Sales->Outline Agreements (Customer)->Customer Scheduling Agreement->cus.sd.schedgagrmtediprocessingoption.manages1(Manage Delivery Schedule Processing),SD-SLS-OA-SCH,,,
fin.cash.transfercash,1,2,5,31547,0.042,0.001,0,0,0.00225,0.04525,F,Cash Bank Transfer,FIN,Financials,Application Components->Financials->Fiori UI for Financials->Fiori UI for Cash and Liquidity Management->fin.cash.transfercash(Cash Bank Transfer),FIN-FIO-CLM,,,
mdm.cmd.mdq.minedrules1,1,1,3,32054,0.042,0,0,0,0.00315,0.04515,F,Mined Rules,CA,Cross-Application Components,Application Components->Cross-Application Components->Master Data Governance->Analysis and Remediation of Data Quality->mdm.cmd.mdq.minedrules1(Mined Rules),CA-MDG-ADQ,,,
fin.ar.lineitems.display,1,1,6,47616,0.042,0,0,0,0.00315,0.04515,F,Fiori App - Display Customer Line Items,FI,Financial Accounting,Application Components->Financial Accounting->Fiori UI for Financial Accounting->Fiori UI  for Accounts Receivable->fin.ar.lineitems.display(Fiori App - Display Customer Line Items),FI-FIO-AR,,,
RECN,1,4,5,37346,0.042,0.002,0,0,0.00105,0.04505,W,Process Contract,RE,Real Estate Management,Application Components->Real Estate Management->Flexible Real Estate Management->Real Estate Contract->RECN(Process Contract),RE-FX-CN,,,
OMSG,1,4,4,41431,0.042,0.002,0,0,0.00105,0.04505,W,Account Groups: Vendor,LO,Logistics - General,Application Components->Logistics - General->Logistics Basic Data->Business Partners->Vendor Master->OMSG(Account Groups: Vendor),LO-MD-BP-VM,,,
SM20,1,27,10604,133,0.042,0,0,0.003,0,0.045,T,Analysis of Security Audit Log,BC,Security Audit Log,Application Components->Basis Components->Security->Security Audit Log->SM20(Analysis of Security Audit Log),SAP->BC->BC-SEC->BC-SEC-SAL->SM20(Analys,,,
SCC3,1,3,1851,136,0.042,0,0,0.003,0,0.045,T,Client Copy Log,BC,Client Copy,Application Components->Basis Components->Change & Transport System->Client Copy->SCC3(Client Copy Log),SAP->BC->BC-CTS->BC-CTS-CCO->SCC3(Client,,,
SWI1,1,4,3,131,0.042,0,0,0.003,0,0.045,T,Work Item Retrieval,BC,SAP Business Workflow,Application Components->Basis Components->Business Management->SAP Business Workflow->SWI1(Work Item Retrieval),SAP->BC->BC-BMT->BC-BMT-WFM->SWI1(Work I,,,
EDOC_TR_GUS_NEW,1,5,519,116,0.042,0,0,0.003,0,0.045,T,Retrieve eInvoice Users,CA,eDocument Turkey,Application Components->Cross-Application Components->General Application Functions->Country-Specific Objects->eDocument Framework->eDocument Turkey->EDOC_TR_GUS_NEW(Retrieve eInvoice Users),SAP->CA->CA-GTF->CA-GTF-CSC->CA-GTF-CSC-,,,
AL11,1,11,3964,116,0.042,0,0,0.003,0,0.045,T,Display SAP Directories,BC,Operating System Monitoring Tool,Application Components->Basis Components->Use Subcomponents->CCMS Monitoring & Alerting->Operating System Monitoring Tool->AL11(Display SAP Directories),SAP->BC->BC-CCM->BC-CCM-MON->BC-CCM-MON-,,,
IQS1,1,3,2,84176,0.042,0.001,0,0.001,0.0006,0.0446,W,Create Notification - Extended View,QM,Quality Management,Application Components->Quality Management->Quality Notifications->IQS1(Create Notification - Extended View),QM-QN,,,
fin.ap.monitor.payments,1,1,2,37005,0.042,0,0,0,0.00255,0.04455,F,Fiori App - Monitor Payments,FI,Financial Accounting,Application Components->Financial Accounting->Fiori UI for Financial Accounting->Fiori UI for Accounts Payable->fin.ap.monitor.payments(Fiori App - Monitor Payments),FI-FIO-AP,,,
fin.gl.auditjournal,1,1,2,36812,0.042,0,0,0,0.00255,0.04455,F,GL Accountant - Audit Journal,FI,Financial Accounting,Application Components->Financial Accounting->Fiori UI for Financial Accounting->Fiori UI for General Ledger Accounting->fin.gl.auditjournal(GL Accountant - Audit Journal),FI-FIO-GL,,,
fin.cons.jrnlentr,1,1,3,41694,0.042,0,0,0,0.00255,0.04455,F,Database List of Journal Entries Display,FIN,Financials,Application Components->Financials->S4HANA Financial Consolidation[Cloud]->Group Journal Entry for S/4HANA Group Reporting->fin.cons.jrnlentr(Database List of Journal Entries Display),FIN-CS-JE,,,
fin.gl.hierarchy.manage,1,1,742,49775,0.042,0,0,0,0.00255,0.04455,F,Fiori App - Finance Hierarchy Manage,FI,Financial Accounting,Application Components->Financial Accounting->Fiori UI for Financial Accounting->Fiori UI for General Ledger Accounting->fin.gl.hierarchy.manage(Fiori App - Finance Hierarchy Manage),FI-FIO-GL,,,
FK06,1,2,1,57538,0.042,0.001,0,0.001,0.00045,0.04445,W,Mark Vendor for Deletion (Acctng),LO,Logistics - General,Application Components->Logistics - General->Logistics Basic Data->Business Partners->Vendor Master->FK06(Mark Vendor for Deletion (Acctng)),LO-MD-BP-VM,,,
XK06,1,2,1,57483,0.042,0.001,0,0.001,0.00045,0.04445,W,Mark vendor for deletion (centrally),LO,Logistics - General,Application Components->Logistics - General->Logistics Basic Data->Business Partners->Vendor Master->XK06(Mark vendor for deletion (centrally)),LO-MD-BP-VM,,,
sap.io.bpm.sworkfloweditor.lib.reuse.cor,1,1,5,13183,0.042,0,0,0,0.00225,0.04425,F,FIORI LANDING PAGE,FIO,UI5,Application Components->Fiori UI for Basic Data in Logistics->sap.io.bpm.sworkfloweditor.lib.reuse.core.services(FIORI LANDING PAGE),FIO,,,
UKM_BP_DISPLAY,1,3,3,0,0.042,0.001,0,0,0.0012,0.0442,W,Master Data List,FIN,Financials,Application Components->Financials->Financial Supply Chain Management->Credit Management->Basic Functions->UKM_BP_DISPLAY(Master Data List),FIN-FSCM-CR-CR,,,
DRF_FPM_OIF_MONITORING,1,3,6,0,0.042,0.001,0,0,0.0012,0.0442,W,Monitoring Webdynpro Application,CA,Cross-Application Components,Application Components->Cross-Application Components->Master Data Governance->Data Replication Framework->DRF_FPM_OIF_MONITORING(Monitoring Webdynpro Application),CA-MDG-DRF,,,
MDG_BS_WD_RSI_DISPLAY,1,3,7,0,0.042,0.001,0,0,0.0012,0.0442,W,Replication Status Information,CA,Cross-Application Components,Application Components->Cross-Application Components->Master Data Governance->Data Replication Framework->MDG_BS_WD_RSI_DISPLAY(Replication Status Information),CA-MDG-DRF,,,
mdm.cmd.mdq.ovp.products1,1,3,2,10650,0.042,0.001,0,0,0.0012,0.0442,F,Master Data Quality Overview Page for Pr,CA,Cross-Application Components,Application Components->Cross-Application Components->Master Data Governance->Analysis and Remediation of Data Quality->mdm.cmd.mdq.ovp.products1(Master Data Quality Overview Page for Pr),CA-MDG-ADQ,,,
mdm.mdg.cr.bupa.alps1,1,1,1,30446,0.042,0,0,0,0.0021,0.0441,F,Change Request Analysis for Business Par,CA,Cross-Application Components,Application Components->Cross-Application Components->Master Data Governance->Analysis and Remediation of Data Quality->mdm.mdg.cr.bupa.alps1(Change Request Analysis for Business Par),CA-MDG-ADQ,,,
fin.ap.downpayment.request.manage,1,1,13,41402,0.042,0,0,0,0.0021,0.0441,F,Fiori App - Manage Down Payment Requests,FI,Financial Accounting,Application Components->Financial Accounting->Fiori UI for Financial Accounting->Fiori UI for Accounts Payable->fin.ap.downpayment.request.manage(Fiori App - Manage Down Payment Requests),FI-FIO-AP,,,
/AIFX/WDA_MSG_MONITOR,1,3,15,16202,0.042,0.001,0,0,0.00105,0.04405,W,Message Monitor,CA,Cross-Application Components,Application Components->Cross-Application Components->General Application Functions->Application Interface Framework->/AIFX/WDA_MSG_MONITOR(Message Monitor),CA-GTF-AIF,,,
USMD_EDITION,1,3,17,10048,0.042,0.001,0,0,0.00105,0.04405,W,Edition,CA,Cross-Application Components,Application Components->Cross-Application Components->Master Data Governance->Application Framework->USMD_EDITION(Edition),CA-MDG-AF,,,
DRF_ADHOC_REPLICATION,1,3,8,7140,0.042,0.001,0,0,0.00105,0.04405,W,Adhoc Replication,CA,Cross-Application Components,Application Components->Cross-Application Components->Master Data Governance->Data Replication Framework->DRF_ADHOC_REPLICATION(Adhoc Replication),CA-MDG-DRF,,,
POWL,1,3,7,4630,0.042,0.001,0,0,0.00105,0.04405,W,Personal Object Work List,BC,Basis Components,Application Components->Basis Components->Musing Tools->Personal Object Worklist->POWL(Personal Object Work List),BC-MUS-POW,,,
USMD_FILE_DOWNLOAD,1,3,5,2201,0.042,0.001,0,0,0.00105,0.04405,W,File Download,CA,Cross-Application Components,Application Components->Cross-Application Components->Master Data Governance->Application Framework->USMD_FILE_DOWNLOAD(File Download),CA-MDG-AF,,,
MDG_DATALOAD_EXPORT_WDA,1,3,5,691,0.042,0.001,0,0,0.00105,0.04405,W,Export Master Data and Mapping Informati,CA,Cross-Application Components,Application Components->Cross-Application Components->Master Data Governance->Mass Load->MDG_DATALOAD_EXPORT_WDA(Export Master Data and Mapping Informati),CA-MDG-ML,,,
/BSNAGT/PICK_FILES,1,1,1343,68,0.042,0,0,0.002,0,0.044,T,File Pick-up,LO,Connector for SAP Multi-Bank Connectivit,Application Components->LOD Components->SAP Multi-Bank Connectivity->Connector for SAP Multi-Bank Connectivit->/BSNAGT/PICK_FILES(File Pick-up),SAP->LOD->LOD-FSN->LOD-FSN-AGT->/BSNAGT/,,,
SP02,1,37,13804,18,0.042,0.001,0.001,0,0,0.044,T,Display Spool Requests,BC,Print and Output Management,Application Components->Basis Components->Use Subcomponents->Print and Output Management->SP02(Display Spool Requests),SAP->BC->BC-CCM->BC-CCM-PRN->SP02(Displa,,,
SAPSIMPLE_TREE,1,12,1245,68,0.042,0,0,0.002,0,0.044,T,Testtransaktion  für Simple Tree,BC,SAP Internet Transaction Server,Application Components->Basis Components->Frontend Services - Use subcomponents (see SAP Note 1322184)->SAP Internet Transaction Server->SAPSIMPLE_TREE(Testtransaktion  für Simple Tree),SAP->BC->BC-FES->BC-FES-ITS->SAPSIMPLE_T,,,
SAPCOLUMN_TREE,1,12,1196,78,0.042,0,0,0.002,0,0.044,T,Testtransaktion  für Column Tree,BC,SAP Internet Transaction Server,Application Components->Basis Components->Frontend Services - Use subcomponents (see SAP Note 1322184)->SAP Internet Transaction Server->SAPCOLUMN_TREE(Testtransaktion  für Column Tree),SAP->BC->BC-FES->BC-FES-ITS->SAPCOLUMN_T,,,
MDG_DATA_MODEL,1,17,4834,72,0.042,0,0,0.002,0,0.044,T,MDG Data Model: Generated Tables,CA,Application Framework,Application Components->Cross-Application Components->Master Data Governance->Application Framework->MDG_DATA_MODEL(MDG Data Model: Generated Tables),SAP->CA->CA-MDG->CA-MDG-AF->MDG_DATA_MOD,,,
FBV1,1,1,599,89,0.042,0,0,0.002,0,0.044,T,Park Document,FI,Financial Accounting,Application Components->Financial Accounting->FBV1(Park Document),SAP->FI->FBV1(Park Document),,,
XD99,1,130,2861,0,0.042,0.002,0,0,0,0.044,T,Customer master mass maintenance,LO,Customer Master,Application Components->Logistics - General->Logistics Basic Data->Business Partners->Customer Master->XD99(Customer master mass maintenance),SAP->LO->LO-MD->LO-MD-BP->LO-MD-BP-CM->X,,,
PB10,1,2,2632,96,0.042,0,0,0.002,0,0.044,T,Init.entry of applicant master data,PA,Recruitment,Application Components->Personnel Management->Recruitment->PB10(Init.entry of applicant master data),SAP->PA->PA-RC->PB10(Init.entry of appli,,,
PA40,1,1,3270,96,0.042,0,0,0.002,0,0.044,T,Personnel Actions,PA,Personnel Administration,Application Components->Personnel Management->Personnel Administration->PA40(Personnel Actions),SAP->PA->PA-PA->PA40(Personnel Actions),,,
PRST,1,1,1,105,0.042,0,0,0.002,0,0.044,T,Period Statistics,PE,Period Statistics,Application Components->Training and Event Management->Period Statistics->PRST(Period Statistics),SAP->PE->FI-TV-COS->PRST(Period Statisti,,,
VCUST,1,23,1521,107,0.042,0,0,0.002,0,0.044,T,Customer List,SD,Sales,Application Components->Sales and Distribution->Sales->VCUST(Customer List),SAP->SD->SD-SLS->VCUST(Customer List),,,
PA51,1,18,8647,96,0.042,0,0,0.002,0,0.044,T,Display Time Data,PT,Personnel Time Management,Application Components->Personnel Time Management->PA51(Display Time Data),SAP->PT->PA51(Display Time Data),,,
KAH3,1,3,2,27093,0.042,0.001,0,0,0.0009,0.0439,W,Display cost element group,CO,Controlling,Application Components->Controlling->Overhead Cost Controlling->KAH3(Display cost element group),CO-OM,,,
UKM_MASS_UPD4,1,2,2,0,0.042,0.001,0,0,0.0009,0.0439,W,Credit Mgt: Mass Change to Rule,FIN,Financials,Application Components->Financials->Financial Supply Chain Management->Credit Management->Basic Functions->UKM_MASS_UPD4(Credit Mgt: Mass Change to Rule),FIN-FSCM-CR-CR,,,
UKM_MASS_RECON,1,2,2,0,0.042,0.001,0,0,0.0009,0.0439,W,Credit Exposure Reconciliation,FIN,Financials,Application Components->Financials->Financial Supply Chain Management->Credit Management->Basic Functions->UKM_MASS_RECON(Credit Exposure Reconciliation),FIN-FSCM-CR-CR,,,
FSEPA_M1,1,2,2,0,0.042,0.001,0,0,0.0009,0.0439,W,SEPA: Create Mandate,CA,Cross-Application Components,Application Components->Cross-Application Components->Bank->FSEPA_M1(SEPA: Create Mandate),CA-BK,,,
DRF_MANUAL_REPLICATION,1,2,4,0,0.042,0.001,0,0,0.0009,0.0439,W,Manual Replication,CA,Cross-Application Components,Application Components->Cross-Application Components->Master Data Governance->Data Replication Framework->DRF_MANUAL_REPLICATION(Manual Replication),CA-MDG-DRF,,,
fin.cash.brm.sentitems,1,1,1,23698,0.042,0,0,0,0.00165,0.04365,F,My Sent Items about Bank Accounts,FIN,Financials,Application Components->Financials->Fiori UI for Financials->Fiori UI for Cash and Liquidity Management->fin.cash.brm.sentitems(My Sent Items about Bank Accounts),FIN-FIO-CLM,,,
fin.cons.genriclog,1,1,2,31616,0.042,0,0,0,0.00165,0.04365,F,Generic Log,FIN,Financials,Application Components->Financials->S4HANA Financial Consolidation[Cloud]->S/4HANA Financial Consolidation, Core Processing->S/4HANA Financial Consolidation, Core Processing->fin.cons.genriclog(Generi,FIN-CS-COR-IS,
MDG_BS_CONVERTOR,1,2,4,691,0.042,0.001,0,0,0.0006,0.0436,W,Convert Master Data,CA,Cross-Application Components,Application Components->Cross-Application Components->Master Data Governance->Mass Load->MDG_BS_CONVERTOR(Convert Master Data),CA-MDG-ML,,,
LO_OIF_MAIN_APP,1,2,10,691,0.042,0.001,0,0,0.0006,0.0436,W,Sales Document Processing,SD,Sales and Distribution,Application Components->Sales and Distribution->Sales->LO_OIF_MAIN_APP(Sales Document Processing),SD-SLS,,,
/CPD/PWS_RCB_BPM_APPL,1,2,4,1291,0.042,0.001,0,0,0.0006,0.0436,W,Billing Plan Manager,CA,Cross-Application Components,Application Components->Cross-Application Components->Commercial Project Management->Commercial Project Management  - Project Workspace->/CPD/PWS_RCB_BPM_APPL(Billing Plan Manager),CA-CPD-WS,,,
MD11,1,2,1,9796,0.042,0.001,0,0,0.0006,0.0436,W,Create Planned Order,PP,Production Planning and Control,Application Components->Production Planning and Control->Material Requirements Planning->Master Data->MD11(Create Planned Order),PP-MRP-BD,,,
COR1,1,2,2,11943,0.042,0.001,0,0,0.0006,0.0436,W,Create Process Order,PP,Production Planning and Control,Application Components->Production Planning and Control->Production Planning for Process Industries->Process Order->COR1(Create Process Order),PP-PI-POR,,,
mdm.cmd.cmpcustomizings1,1,1,2,20984,0.042,0,0,0,0.0015,0.0435,F,MDC Customizing,CA,Cross-Application Components,Application Components->Cross-Application Components->Master Data Governance->Consolidation & Mass Processing->Consolidation & Mass Processing->mdm.cmd.cmpcustomizings1(MDC Customizing),CA-MDG-CMP-FIO,,,
S000,1,2,1,28645,0.042,0.001,0,0,0.00045,0.04345,W,System Menu,CA,Cross-Application Components,Application Components->Cross-Application Components->Global Organization Customizing->S000(System Menu),CA-CUS,,,
VF03,1,2,1,40804,0.042,0.001,0,0,0.00045,0.04345,W,Display Billing Documents,SD,Sales and Distribution,Application Components->Sales and Distribution->Billing->VF03(Display Billing Documents),SD-BIL,,,
fin.ap.paymentproposal.revise,1,1,1,37157,0.042,0,0,0,0.0012,0.0432,F,Fiori App - Revise Payment Proposal - BS,FI,Financial Accounting,Application Components->Financial Accounting->Fiori UI for Financial Accounting->Fiori UI for Accounts Payable->fin.ap.paymentproposal.revise(Fiori App - Revise Payment Proposal - BS),FI-FIO-AP,,,
fin.cons.jrnlentr.upload,1,1,1,21660,0.042,0,0,0,0.00105,0.04305,F,Import Consolidation Journal Entries,FIN,Financials,Application Components->Financials->S4HANA Financial Consolidation[Cloud]->fin.cons.jrnlentr.upload(Import Consolidation Journal Entries),FIN-CS,,,
SCASE,1,2,5148,56,0.042,0,0,0.001,0,0.043,T,Case Management,BC,Case Management,Application Components->Basis Components->Basis Services / Communication Interfaces->Case Management->SCASE(Case Management),SAP->BC->BC-SRV->BC-SRV-CM->SCASE(Case M,,,
/IWBEP/REG_SERVICE,1,2,1105,50,0.042,0,0,0.001,0,0.043,T,Maintain Service,OP,Gateway SAP Data Enablement,Application Components->Occasional Platform User->Gateway Business Suite Enablement->Gateway SAP Data Enablement->/IWBEP/REG_SERVICE(Maintain Service),SAP->OPU->OPU-BSE->OPU-BSE-SDE->/IWBEP/R,,,
OMSF,1,62,3458,0,0.042,0.001,0,0,0,0.043,T,C MM-BD Material Groups,LO,Material Master,Application Components->Logistics - General->Logistics Basic Data->Material Master->OMSF(C MM-BD Material Groups),SAP->LO->LO-MD->LO-MD-MM->OMSF(C MM-BD M,,,
CG3Y,1,11,15130,4,0.042,0,0.001,0,0,0.043,T,Download file,EH,Product Safety,Application Components->Environment  Health and Safety->Product Safety->CG3Y(Download file),SAP->EHS->EHS-SAF->CG3Y(Download file),,,
SLICENSE,1,1,299,43,0.042,0,0,0.001,0,0.043,T,Administer SAP Licenses,BC,User and Authorization Management,Application Components->Basis Components->Security->User Administration->User and Authorization Management->SLICENSE(Administer SAP Licenses),SAP->BC->BC-SEC->BC-SEC-USR->BC-SEC-USR-,,,
OBZ4,1,35,519,4,0.042,0.001,0,0,0,0.043,T,C FI FBZP T042E,FI,Basic Functions,Application Components->Financial Accounting->Accounts Receivable->Basic Functions->OBZ4(C FI FBZP T042E),SAP->FI->FI-AR->FI-AR-AR->OBZ4(C FI FBZP,,,
FBZP,1,2,165,26,0.042,0,0,0.001,0,0.043,T,Maintain Pmnt Program Configuration,FI,Financial Accounting,Application Components->Financial Accounting->FBZP(Maintain Pmnt Program Configuration),SAP->FI->FBZP(Maintain Pmnt Program Conf,,,
UKM_COMMITMENTS,1,1,2,0,0.042,0,0,0,0.00045,0.04245,W,Credit Exposure,FIN,Financials,Application Components->Financials->Financial Supply Chain Management->Credit Management->Basic Functions->UKM_COMMITMENTS(Credit Exposure),FIN-FSCM-CR-CR,,,
UKM_CASE,1,1,6,0,0.042,0,0,0,0.00045,0.04245,W,Cases in SAP Credit Management,FIN,Financials,Application Components->Financials->Financial Supply Chain Management->Credit Management->Basic Functions->UKM_CASE(Cases in SAP Credit Management),FIN-FSCM-CR-CR,,,
REISCNRN,1,1,1,0,0.042,0,0,0,0.00045,0.04245,W,Infosystem: Renewal of Contracts,RE,Real Estate Management,Application Components->Real Estate Management->Flexible Real Estate Management->Information System->REISCNRN(Infosystem: Renewal of Contracts),RE-FX-IS,,,
REISCNPE,1,1,1,0,0.042,0,0,0,0.00045,0.04245,W,Infosystem: Term of Contracts,RE,Real Estate Management,Application Components->Real Estate Management->Flexible Real Estate Management->Information System->REISCNPE(Infosystem: Term of Contracts),RE-FX-IS,,,
REISCNOA,1,1,1,0,0.042,0,0,0,0.00045,0.04245,W,Info System: Objects for Contracts,RE,Real Estate Management,Application Components->Real Estate Management->Flexible Real Estate Management->Information System->REISCNOA(Info System: Objects for Contracts),RE-FX-IS,,,
CPROJECTS_SETTINGS_FPM,1,1,6,0,0.042,0,0,0,0.00045,0.04245,W,Project Management  - User Settings,PPM,Portfolio and Project Management,Application Components->Portfolio and Project Management->Project Management->CPROJECTS_SETTINGS_FPM(Project Management  - User Settings),PPM-PRO,,,
RECEISBALANCE,1,1,2,0,0.042,0,0,0,0.00045,0.04245,W,Display Valuation Balances,RE,Real Estate Management,Application Components->Real Estate Management->Flexible Real Estate Management->RECEISBALANCE(Display Valuation Balances),RE-FX,,,
REAJAHCN,1,1,1,0,0.042,0,0,0,0.00045,0.04245,W,Adjustments on Contracts,RE,Real Estate Management,Application Components->Real Estate Management->Flexible Real Estate Management->Rent Adjustment->REAJAHCN(Adjustments on Contracts),RE-FX-AJ,,,
FSEPA_M4_FIN,1,1,3,0,0.042,0,0,0,0.00045,0.04245,W,SEPA: List Mandates - Financials,FI,Financial Accounting,Application Components->Financial Accounting->Accounts Receivable->Basic Functions->Payment Transactions->FSEPA_M4_FIN(SEPA: List Mandates - Financials),FI-AR-AR-PT,,,
FF_5,1,1,2,0,0.042,0,0,0,0.00045,0.04245,W,Import Electronic Bank Statement,FI,Financial Accounting,Application Components->Financial Accounting->Bank Accounting->Payment Transactions->Bank Statement->FF_5(Import Electronic Bank Statement),FI-BL-PT-BS,,,
FF.5,1,1,1,0,0.042,0,0,0,0.00045,0.04245,W,Import Electronic Bank Statement,FIN,Financials,Application Components->Financials->Financial Supply Chain Management->SAP Cash Management->Cash Management->Basic Functions->FF.5(Import Electronic Bank Statement),FIN-FSCM-CLM-CM-CM,,,
FCLOCOT,1,1,1,0,0.042,0,0,0,0.00045,0.04245,W,Fin. Closing cockpit–Preparation,CA,Cross-Application Components,Application Components->Cross-Application Components->General Application Functions->Financial Closing cockpit Add-on->FCLOCOT(Fin. Closing cockpit–Preparation),CA-GTF-FCC,,,
VLPODL,1,1,1,0,0.042,0,0,0,0.00045,0.04245,W,Worklist: POD Deliveries,LE,Logistics Execution,Application Components->Logistics Execution->Shipping->VLPODL(Worklist: POD Deliveries),LE-SHP,,,
FCLOCOC,1,1,3,0,0.042,0,0,0,0.00045,0.04245,W,Fin. Closing cockpit–Customizing,CA,Cross-Application Components,Application Components->Cross-Application Components->General Application Functions->Financial Closing cockpit Add-on->FCLOCOC(Fin. Closing cockpit–Customizing),CA-GTF-FCC,,,
FAGL_FCC_WD_POWL,1,1,4,0,0.042,0,0,0,0.00045,0.04245,W,Financial Closing Cockpit -- Tasklist,CA,Cross-Application Components,Application Components->Cross-Application Components->General Application Functions->Financial Closing cockpit Add-on->FAGL_FCC_WD_POWL(Financial Closing Cockpit -- Tasklist),CA-GTF-FCC,,,
MM90,1,1,1,0,0.042,0,0,0,0.00045,0.04245,W,Analyze ALE Appl. Log for MatMaster,LO,Logistics - General,Application Components->Logistics - General->Logistics Basic Data->Material Master->MM90(Analyze ALE Appl. Log for MatMaster),LO-MD-MM,,,
UKM_BP,1,1,4,0,0.042,0,0,0,0.00045,0.04245,W,Credit Management Business Partner,FIN,Financials,Application Components->Financials->Financial Supply Chain Management->Credit Management->Basic Functions->UKM_BP(Credit Management Business Partner),FIN-FSCM-CR-CR,,,
USMD_EDITION_COMPARE,1,1,3,0,0.042,0,0,0,0.00045,0.04245,W,Edition Comparison,CA,Cross-Application Components,Application Components->Cross-Application Components->Master Data Governance->Application Framework->USMD_EDITION_COMPARE(Edition Comparison),CA-MDG-AF,,,
FPL9,1,1,2,0,0.042,0,0,0,0.00045,0.04245,W,Account Balance,FI,Financial Accounting,Application Components->Financial Accounting->Contract Accounts Receivable and Payable->FPL9(Account Balance),FI-CA,,,
/CPD/AVR_COST_MP_OVP,1,1,3,0,0.042,0,0,0,0.00045,0.04245,W,Analytics Chart: Cost Status Report,CA,Cross-Application Components,Application Components->Cross-Application Components->Commercial Project Management->Commercial Project Management  - Financial Planning->/CPD/AVR_COST_MP_OVP(Analytics Chart: Cost Status Report),CA-CPD-FP,,,
/CPD/WDA_FIN_PLANNING_APPL,1,1,4,0,0.042,0,0,0,0.00045,0.04245,W,Financial Planning Application,CA,Cross-Application Components,Application Components->Cross-Application Components->Commercial Project Management->Commercial Project Management  - Financial Planning->/CPD/WDA_FIN_PLANNING_APPL(Financial Planning Application),CA-CPD-FP,,,
FD09,1,1,0,0,0.042,0,0,0,0.00045,0.04245,W,Confirm Customer List (Accounting),LO,Logistics - General,Application Components->Logistics - General->Logistics Basic Data->Business Partners->Customer Master->FD09(Confirm Customer List (Accounting)),LO-MD-BP-CM,,,
RECARSGENCN,1,1,1,0,0.042,0,0,0,0.00045,0.04245,W,Generate Dates for Contracts,RE,Real Estate Management,Application Components->Real Estate Management->Flexible Real Estate Management->RECARSGENCN(Generate Dates for Contracts),RE-FX,,,
ME5A,1,1,2,0,0.042,0,0,0,0.00045,0.04245,W,Purchase Requisitions: List Display,MM,Materials Management,Application Components->Materials Management->Purchasing->ME5A(Purchase Requisitions: List Display),MM-PUR,,,
VL10B,1,1,2,0,0.042,0,0,0,0.00045,0.04245,W,Purchase Orders Due for Delivery,LE,Logistics Execution,Application Components->Logistics Execution->Shipping->VL10B(Purchase Orders Due for Delivery),LE-SHP,,,
F13E,1,1,2,0,0.042,0,0,0,0.00045,0.04245,W,Automatic Clearing With Currency,FI,Financial Accounting,Application Components->Financial Accounting->F13E(Automatic Clearing With Currency),FI,,,
UKM_MASS_DSP1,1,1,1,0,0.042,0,0,0,0.00045,0.04245,W,Credit Mgt: Display Credit Data,FIN,Financials,Application Components->Financials->Financial Supply Chain Management->Credit Management->Basic Functions->UKM_MASS_DSP1(Credit Mgt: Display Credit Data),FIN-FSCM-CR-CR,,,
UKM_MASS_DSP2,1,1,1,0,0.042,0,0,0,0.00045,0.04245,W,Credit Mgt: Display BP Credit Data,FIN,Financials,Application Components->Financials->Financial Supply Chain Management->Credit Management->Basic Functions->UKM_MASS_DSP2(Credit Mgt: Display BP Credit Data),FIN-FSCM-CR-CR,,,
UKM_MY_DCDS,1,1,3,0,0.042,0,0,0,0.00045,0.04245,W,Documented Credit Decisions,FIN,Financials,Application Components->Financials->Financial Supply Chain Management->Credit Management->Basic Functions->UKM_MY_DCDS(Documented Credit Decisions),FIN-FSCM-CR-CR,,,
FP45,1,1,1,0,0.042,0,0,0,0.00045,0.04245,W,Process Payment Order Lot,FI,Financial Accounting,Application Components->Financial Accounting->Contract Accounts Receivable and Payable->FP45(Process Payment Order Lot),FI-CA,,,
UKM_VECTORS,1,1,2,0,0.042,0,0,0,0.00045,0.04245,W,Payment Behavior Summary,FIN,Financials,Application Components->Financials->Financial Supply Chain Management->Credit Management->Basic Functions->UKM_VECTORS(Payment Behavior Summary),FIN-FSCM-CR-CR,,,
CXGP,1,1,2,0,0.042,0,0,0,0.00045,0.04245,W,Global parameters,EC,Enterprise Controlling,Application Components->Enterprise Controlling->Consolidation->CXGP(Global parameters),EC-CS,,,
USMD_WF_NAVIGATION,1,1,3,0,0.042,0,0,0,0.00045,0.04245,W,Workflow-Based Navigation,CA,Cross-Application Components,Application Components->Cross-Application Components->Master Data Governance->Application Framework->USMD_WF_NAVIGATION(Workflow-Based Navigation),CA-MDG-AF,,,
CXCD,1,1,5,0,0.042,0,0,0,0.00045,0.04245,W,Data Monitor,EC,Enterprise Controlling,Application Components->Enterprise Controlling->Consolidation->CXCD(Data Monitor),EC-CS,,,
CXA0,1,1,3,0,0.042,0,0,0,0.00045,0.04245,W,Mass reversal,EC,Enterprise Controlling,Application Components->Enterprise Controlling->Consolidation->CXA0(Mass reversal),EC-CS,,,
CX8CCI,1,1,1,0,0.042,0,0,0,0.00045,0.04245,W,Consistency Check FI Integration,EC,Enterprise Controlling,Application Components->Enterprise Controlling->Consolidation->CX8CCI(Consistency Check FI Integration),EC-CS,,,
CX1P,1,1,2,0,0.042,0,0,0,0.00045,0.04245,W,Create consolidation group,EC,Enterprise Controlling,Application Components->Enterprise Controlling->Consolidation->CX1P(Create consolidation group),EC-CS,,,
FK09,1,1,1,0,0.042,0,0,0,0.00045,0.04245,W,Confirm Vendor List (Accounting),LO,Logistics - General,Application Components->Logistics - General->Logistics Basic Data->Business Partners->Vendor Master->FK09(Confirm Vendor List (Accounting)),LO-MD-BP-VM,,,
FSEPA_M3,1,1,1,0,0.042,0,0,0,0.00045,0.04245,W,SEPA: Display Mandate,CA,Cross-Application Components,Application Components->Cross-Application Components->Bank->FSEPA_M3(SEPA: Display Mandate),CA-BK,,,
WDA_FCLM_BAM_HIERARCHY,1,1,7,0,0.042,0,0,0,0.00045,0.04245,W,Bank Account Hierarchy,FIN,Financials,Application Components->Financials->Financial Supply Chain Management->SAP Cash Management->WDA_FCLM_BAM_HIERARCHY(Bank Account Hierarchy),FIN-FSCM-CLM,,,
USMD_SEARCH,1,1,4,0,0.042,0,0,0,0.00045,0.04245,W,MDG Generic Search,CA,Cross-Application Components,Application Components->Cross-Application Components->Master Data Governance->Application Framework->USMD_SEARCH(MDG Generic Search),CA-MDG-AF,,,
FB00,1,1,1,47036,0.042,0,0,0,0.00015,0.04215,W,Accounting Editing Options,FI,Financial Accounting,Application Components->Financial Accounting->FB00(Accounting Editing Options),FI,,,
k1476947554302,1,1,0,1366,0.042,0,0,0,0.00015,0.04215,F,FIORI LANDING PAGE,FIO,UI5,Application Components->Fiori UI  for Accounts Receivable->k1476947554302(FIORI LANDING PAGE),FIO,,,
FBL3N,1,1,1,10302,0.042,0,0,0,0.00015,0.04215,W,G/L Account Line Items,FI,Financial Accounting,Application Components->Financial Accounting->General Ledger Accounting->Information System->FBL3N(G/L Account Line Items),FI-GL-IS,,,
AS11,1,1,0,12362,0.042,0,0,0,0.00015,0.04215,W,Create Asset Subnumber,FI,Financial Accounting,Application Components->Financial Accounting->Asset Accounting->Basic Functions->AS11(Create Asset Subnumber),FI-AA-AA,,,
SO00,1,1,0,17510,0.042,0,0,0,0.00015,0.04215,W,SAPoffice: Short Message,BC,Basis Components,Application Components->Basis Components->Basis Services / Communication Interfaces->Communication Services: Mail, Fax, SMS, Telephony->SO00(SAPoffice: Short Message),BC-SRV-COM
/BSNAGT/FILE_MONI,1,1,0,18670,0.042,0,0,0,0.00015,0.04215,W,Connector Monitor,LOD,LOD Components,Application Components->LOD Components->SAP Multi-Bank Connectivity->Connector for SAP Multi-Bank Connectivity->/BSNAGT/FILE_MONI(Connector Monitor),LOD-FSN-AGT,,,
/BSNAGT/MSG_PULL,1,1,0,18575,0.042,0,0,0,0.00015,0.04215,W,Pull FSN Messages,LOD,LOD Components,Application Components->LOD Components->SAP Multi-Bank Connectivity->Connector for SAP Multi-Bank Connectivity->/BSNAGT/MSG_PULL(Pull FSN Messages),LOD-FSN-AGT,,,
S_AHR_61016408,1,1,0,18250,0.042,0,0,0,0.00015,0.04215,W,Travel Expense Reporting by Period,CA,Cross-Application Components,Application Components->Cross-Application Components->S_AHR_61016408(Travel Expense Reporting by Period),CA,,,
SES_ADMIN,1,1,0,18422,0.042,0,0,0,0.00015,0.04215,W,Search Engine Service: Admin,BC,Basis Components,Application Components->Basis Components->TREX->TREX Search Engine Service->SES_ADMIN(Search Engine Service: Admin),BC-TRX-SES,,,
MCE3,1,1,0,23572,0.042,0,0,0,0.00015,0.04215,W,PURCHIS: Supplier Analysis Selection,MM,Materials Management,Application Components->Materials Management->Information System->Purchasing Information System->MCE3(PURCHIS: Supplier Analysis Selection),MM-IS-PU,,,
SE16N,1,1,0,23947,0.042,0,0,0,0.00015,0.04215,W,General Table Display,CO,Controlling,Application Components->Controlling->SE16N(General Table Display),CO,,,
SE38N,1,1,226,0,0.042,0,0,0,0,0.042,T,SE38 with Default RDELALOG,CA,Cross-Application Components,Application Components->Cross-Application Components->SE38N(SE38 with Default RDELALOG),SAP->CA->SE38N(SE38 with Default RDELALO,,,
OB10,1,1,320,0,0.042,0,0,0,0,0.042,T,C FI Maintain Table T049L,FI,Basic Functions,Application Components->Financial Accounting->Accounts Receivable->Basic Functions->OB10(C FI Maintain Table T049L),SAP->FI->FI-AR->FI-AR-AR->OB10(C FI Main,,,
GJGO,1,1,1,1,0.042,0,0,0,0,0.042,T,Driver transaction for customizing,CA,Joint Venture und Production Sharing Acc,Application Components->Cross-Application Components->Joint Venture und Production Sharing Acc->GJGO(Driver transaction for customizing),SAP->CA->CA-JVA->GJGO(Driver transaction,,,
OX10,1,1,481,0,0.042,0,0,0,0,0.042,T,Customize plant,MM,Inventory Management,Application Components->Materials Management->Inventory Management->OX10(Customize plant),SAP->MM->MM-IM->OX10(Customize plant),,,
SST0,1,1,272,4,0.042,0,0,0,0,0.042,T,Project Analysis in Customizing,BC,Implementation Guide,Application Components->Basis Components->Customizing (Use Subcomponents)->Customizing Tools (Techniques): Use Subcomponents->Implementation Guide->SST0(Project Analysis in Customizing),SAP->BC->BC-CUS->BC-CUS-TOL->BC-CUS-TOL-,,,
PSANR,1,1,1805,0,0.042,0,0,0,0,0.042,T,PSA Document Number,CA,Joint Venture und Production Sharing Acc,Application Components->Cross-Application Components->Joint Venture und Production Sharing Acc->PSANR(PSA Document Number),SAP->CA->CA-JVA->PSANR(PSA Document Numb,,,
OB62,1,3,1332,0,0.042,0,0,0,0,0.042,T,C FI Maintain Table T001 (KTOPL + 2),FI,Basic Functions,Application Components->Financial Accounting->Accounts Receivable->Basic Functions->OB62(C FI Maintain Table T001 (KTOPL + 2)),SAP->FI->FI-AR->FI-AR-AR->OB62(C FI Main,,,
OP40,1,3,1301,0,0.042,0,0,0,0,0.042,T,Maintain Work Center Category,PP,Routing,Application Components->Production Planning and Control->Basic Data->Routing->OP40(Maintain Work Center Category),SAP->PP->PP-BD->PP-BD-RTG->OP40(Maintain,,,
S_AHR_61016280,1,6,1601,0,0.042,0,0,0,0,0.042,T,Overview of Flights by Airlines,CA,Cross-Application Components,Application Components->Cross-Application Components->S_AHR_61016280(Overview of Flights by Airlines),SAP->CA->S_AHR_61016280(Overview of Flig,,,
SEARCH_SAP_MENU,1,1,1155,4,0.042,0,0,0,0,0.042,T,Find in SAP Menu,BC,Session Manager,Application Components->Basis Components->ABAP Workbench  Java IDE and Infrastructure->Session Manager->SEARCH_SAP_MENU(Find in SAP Menu),SAP->BC->BC-DWB->BC-DWB-SEM->SEARCH_SAP_,,,
S_AHR_61016279,1,6,1154,0,0.042,0,0,0,0,0.042,T,Overview of Flights by Airlines,CA,Cross-Application Components,Application Components->Cross-Application Components->S_AHR_61016279(Overview of Flights by Airlines),SAP->CA->S_AHR_61016279(Overview of Flig,,,
OLE,1,3,2592,3,0.042,0,0,0,0,0.042,T,OLE demo transaction,BC,SAP GUI for Windows Controls,Application Components->Basis Components->Frontend Services - Use subcomponents (see SAP Note 1322184)->SAP GUI for Windows Controls->OLE(OLE demo transaction),SAP->BC->BC-FES->BC-FES-CTL->OLE(OLE dem,,,
SE30,1,1,790,7,0.042,0,0,0,0,0.042,T,ABAP Objects Runtime Analysis,BC,Runtime Analysis,Application Components->Basis Components->ABAP Workbench  Java IDE and Infrastructure->Workbench Tools: Editors  Painters  Modelers->Runtime Analysis->SE30(ABAP Objects Runtime Analysis),SAP->BC->BC-DWB->BC-DWB-TOO->BC-DWB-TOO-,,,
S_ALR_87014279,1,8,1870,0,0.042,0,0,0,0,0.042,T,Travel Expense Reporting by Period,CA,Cross-Application Components,Application Components->Cross-Application Components->S_ALR_87014279(Travel Expense Reporting by Period),SAP->CA->S_ALR_87014279(Travel Expense R,,,
RSDEMO02,1,5,8,6,0.042,0,0,0,0,0.042,T,Testtransaction Table Control,BC,SAP Internet Transaction Server,Application Components->Basis Components->Frontend Services - Use subcomponents (see SAP Note 1322184)->SAP Internet Transaction Server->RSDEMO02(Testtransaction Table Control),SAP->BC->BC-FES->BC-FES-ITS->RSDEMO02(Te,,,
SWUI,1,1,7816,0,0.042,0,0,0,0,0.042,T,Start Workflow,BC,SAP Business Workflow,Application Components->Basis Components->Business Management->SAP Business Workflow->SWUI(Start Workflow),SAP->BC->BC-BMT->BC-BMT-WFM->SWUI(Start,,,
MEAN,1,27,517,0,0.042,0,0,0,0,0.042,T,Delivery Addresses,MM,Purchasing,Application Components->Materials Management->Purchasing->MEAN(Delivery Addresses),SAP->MM->MM-PUR->MEAN(Delivery Addresses,,,
GRAL,1,12,2541,4,0.042,0,0,0,0,0.042,T,Calling SAP Graphics demos,BC,Graphic,Application Components->Basis Components->Frontend Services - Use subcomponents (see SAP Note 1322184)->Graphic->GRAL(Calling SAP Graphics demos),SAP->BC->BC-FES->BC-FES-GRA->GRAL(Callin,,,
SWIE,1,1,580,17,0.042,0,0,0,0,0.042,T,Unlock Work Item,BC,SAP Business Workflow,Application Components->Basis Components->Business Management->SAP Business Workflow->SWIE(Unlock Work Item),SAP->BC->BC-BMT->BC-BMT-WFM->SWIE(Unlock,,,
OX02,1,31,468,0,0.042,0,0,0,0,0.042,T,Customizing: Company Code Setup,FI,Basic Functions,Application Components->Financial Accounting->Accounts Receivable->Basic Functions->OX02(Customizing: Company Code Setup),SAP->FI->FI-AR->FI-AR-AR->OX02(Customizi,,,
S_PH0_48000450,1,15,5098,0,0.042,0,0,0,0,0.042,T,Date Monitoring,PA,Personnel Administration,Application Components->Personnel Management->Personnel Administration->S_PH0_48000450(Date Monitoring),SAP->PA->PA-PA->S_PH0_48000450(Date Moni,,,
k1478785211716,1,1,0,0,0.042,0,0,0,0,0.042,F,FIORI LANDING PAGE,FIO,UI5,Application Components->Fiori UI for Production Planning and Control->k1478785211716(FIORI LANDING PAGE),FIO,,,
XD04,1,27,1179,17,0.042,0,0,0,0,0.042,T,Customer Changes (Centrally),LO,Customer Master,Application Components->Logistics - General->Logistics Basic Data->Business Partners->Customer Master->XD04(Customer Changes (Centrally)),SAP->LO->LO-MD->LO-MD-BP->LO-MD-BP-CM->X,,,
